ace_Arab,OK,>1	3699097	634305530	95748.0
ace_Arab,['UnicodeDecodeError'],>1	34359	2065373	1208.0
ace_Latn,OK,>1	283369504	14313487411	11578263.0
ace_Latn,['UnicodeDecodeError'],>1	3666982	243614646	85313.0
afr_Latn,OK,1	20	20	20.0
afr_Latn,OK,>1	2027862845	89674496507	76589910.0
afr_Latn,['UnicodeDecodeError'],>1	11774705	655741910	286451.0
als_Latn,OK,>1	1080948512	78386694047	41889105.0
als_Latn,['UnicodeDecodeError'],>1	11186891	1038839871	434656.0
amh_Ethi,OK,1	26082859	26082857	26082857.0
amh_Ethi,OK,>1	3590676294	107442899673	152024826.0
amh_Ethi,['UnicodeDecodeError'],1	258262	258262	258262.0
amh_Ethi,['UnicodeDecodeError'],>1	16266131	434319258	1819700.0
ara_Arab,OK,1	163	163	163.0
ara_Arab,OK,>1	14042332679	954238006370	584722803.0
ara_Arab,['UnicodeDecodeError'],1	5	5	5.0
ara_Arab,['UnicodeDecodeError'],>1	230155800	28219383866	9176181.0
asm_Beng,OK,1	1	1	1.0
asm_Beng,OK,>1	7450233	892938437	474111.0
asm_Beng,['UnicodeDecodeError'],>1	117795	6237742	5876.0
ast_Latn,OK,>1	3135835777	127207967484	125349920.0
ast_Latn,['UnicodeDecodeError'],>1	30476162	1654684004	2433961.0
awa_Deva,OK,>1	291743105	8791970067	4477045.0
awa_Deva,['UnicodeDecodeError'],>1	1568338	52406378	28614.0
ayr_Latn,OK,>1	559605131	16438862008	27599535.0
ayr_Latn,['UnicodeDecodeError'],>1	6989220	230672591	367851.0
azb_Arab,OK,>1	30263414	1444319060	930067.0
azb_Arab,['UnicodeDecodeError'],>1	292603	13319333	15896.0
azj_Latn,OK,1	162	162	162.0
azj_Latn,OK,>1	1472322769	95179820000	64348876.0
azj_Latn,['UnicodeDecodeError'],1	2	2	2.0
azj_Latn,['UnicodeDecodeError'],>1	34471100	2683059048	1835052.0
bak_Cyrl,OK,1	403	403	403.0
bak_Cyrl,OK,>1	64538932	3178515993	5794587.0
bak_Cyrl,['UnicodeDecodeError'],1	39	39	39.0
bak_Cyrl,['UnicodeDecodeError'],>1	4927454	94386197	116208.0
bam_Latn,OK,1	464761	464761	464761.0
bam_Latn,OK,>1	121488606	2324739029	21742990.0
bam_Latn,['UnicodeDecodeError'],1	1935	1935	1935.0
bam_Latn,['UnicodeDecodeError'],>1	1077468	21731924	246165.0
ban_Latn,OK,>1	523849228	12343219013	6476350.0
ban_Latn,['UnicodeDecodeError'],>1	518441	23363009	17419.0
bel_Cyrl,OK,1	1362	1362	1362.0
bel_Cyrl,OK,>1	829821175	61260345690	37190939.0
bel_Cyrl,['UnicodeDecodeError'],1	444	444	444.0
bel_Cyrl,['UnicodeDecodeError'],>1	8778682	573266021	325709.0
bem_Latn,OK,>1	294005865	5301263433	13732653.0
bem_Latn,['UnicodeDecodeError'],>1	1024765	17019122	50188.0
ben_Beng,OK,1	73	73	73.0
ben_Beng,OK,>1	11682988653	306570236145	53472792.0
ben_Beng,['UnicodeDecodeError'],>1	19152700	2205277910	890562.0
bho_Deva,OK,1	297	297	297.0
bho_Deva,OK,>1	18985634	1055713539	1302090.0
bho_Deva,['UnicodeDecodeError'],>1	247173	7999727	9142.0
bjn_Arab,OK,>1	3129255	300371055	70837.0
bjn_Arab,['UnicodeDecodeError'],>1	72034	11726615	2357.0
bjn_Latn,OK,>1	450687818	17901773784	14641995.0
bjn_Latn,['UnicodeDecodeError'],>1	5989657	106521227	81346.0
bod_Tibt,OK,1	1	1	1.0
bod_Tibt,OK,>1	6376726	1313050409	781794.0
bod_Tibt,['UnicodeDecodeError'],>1	235170	90912086	21158.0
bos_Latn,OK,>1	3482428749	213688882440	89375047.0
bos_Latn,['UnicodeDecodeError'],>1	67671582	3939652488	975219.0
bug_Latn,OK,>1	545867781	13985186116	6415478.0
bug_Latn,['UnicodeDecodeError'],>1	2208050	65667633	60749.0
bul_Cyrl,OK,1	1917	1917	1917.0
bul_Cyrl,OK,>1	5719220827	353625989626	186571182.0
bul_Cyrl,['UnicodeDecodeError'],1	15	15	15.0
bul_Cyrl,['UnicodeDecodeError'],>1	58722470	5155224247	2446855.0
cat_Latn,OK,>1	4409781360	220491663189	626814178.0
cat_Latn,['UnicodeDecodeError'],>1	40947574	3795168420	1256479.0
ceb_Latn,OK,>1	381857836	14005328443	20964904.0
ceb_Latn,['UnicodeDecodeError'],>1	1292200	38849863	76628.0
ces_Latn,OK,1	10	10	10.0
ces_Latn,OK,>1	13717293535	891014174222	476041795.0
ces_Latn,['UnicodeDecodeError'],1	1	1	1.0
ces_Latn,['UnicodeDecodeError'],>1	184479056	19828789315	5235049.0
cjk_Latn,OK,>1	6876266	196548475	249273.0
cjk_Latn,['UnicodeDecodeError'],>1	16414	321533	638.0
ckb_Arab,OK,1	73	73	73.0
ckb_Arab,OK,>1	45168000	5425382458	2446059.0
ckb_Arab,['UnicodeDecodeError'],>1	1859564	195170327	95782.0
crh_Latn,OK,>1	342660702	11125841722	15994947.0
crh_Latn,['UnicodeDecodeError'],>1	12941500	365905961	375468.0
cym_Latn,OK,>1	422832630	25629651887	12248454.0
cym_Latn,['UnicodeDecodeError'],>1	3919742	210382186	74319.0
dan_Latn,OK,1	15009	15009	15009.0
dan_Latn,OK,>1	18516723802	894953255788	670141181.0
dan_Latn,['UnicodeDecodeError'],1	181	181	181.0
dan_Latn,['UnicodeDecodeError'],>1	213635134	8101531583	11616679.0
deu_Latn,OK,1	28575	28575	28575.0
deu_Latn,OK,>1	84957721351	6435557465088	3052265087.0
deu_Latn,['UnicodeDecodeError'],1	182	182	182.0
deu_Latn,['UnicodeDecodeError'],>1	1106541117	85181377205	37084585.0
dik_Latn,OK,1	1	1	1.0
dik_Latn,OK,>1	12437044	862009716	1084261.0
dik_Latn,['UnicodeDecodeError'],1	1	1	1.0
dik_Latn,['UnicodeDecodeError'],>1	201880	4922522	5467.0
dyu_Latn,OK,>1	1105529	24150815	305901.0
dyu_Latn,['UnicodeDecodeError'],>1	15514	223304	1517.0
dzo_Tibt,OK,>1	15428923	741332372	338960.0
dzo_Tibt,['UnicodeDecodeError'],>1	105156	2502214	2075.0
ell_Grek,OK,1	10345	10345	10345.0
ell_Grek,OK,>1	11545988865	961223727607	371523562.0
ell_Grek,['UnicodeDecodeError'],1	256	256	256.0
ell_Grek,['UnicodeDecodeError'],>1	116184506	9366655920	3879125.0
eng_Latn,OK,>1	959077853714	69510066399414	34992731740.0
eng_Latn,['UnicodeDecodeError'],>1	5564234338	392321069566	125207334.0
epo_Latn,OK,>1	218800748	10636314426	7326481.0
epo_Latn,['UnicodeDecodeError'],>1	822416	45142560	28941.0
est_Latn,OK,1	304	304	304.0
est_Latn,OK,>1	4570757579	390901148922	251774609.0
est_Latn,['UnicodeDecodeError'],1	255	255	255.0
est_Latn,['UnicodeDecodeError'],>1	63062804	2655051466	1794863.0
eus_Latn,OK,>1	1217255548	109532797876	80720824.0
eus_Latn,['UnicodeDecodeError'],>1	15242099	1708236872	323843.0
ewe_Latn,OK,1	1123	1123	1123.0
ewe_Latn,OK,>1	67287041	1595138672	5940171.0
ewe_Latn,['UnicodeDecodeError'],1	4	4	4.0
ewe_Latn,['UnicodeDecodeError'],>1	195890	6276318	26445.0
fao_Latn,OK,1	159	159	159.0
fao_Latn,OK,>1	158047837	4684310362	3081032.0
fao_Latn,['UnicodeDecodeError'],>1	672033	16285322	17965.0
fij_Latn,OK,>1	49108315	1230887455	2979293.0
fij_Latn,['UnicodeDecodeError'],>1	203875	3885555	11737.0
fin_Latn,OK,1	308	308	308.0
fin_Latn,OK,>1	9754332210	597178023837	290488103.0
fin_Latn,['UnicodeDecodeError'],1	25	25	25.0
fin_Latn,['UnicodeDecodeError'],>1	65573233	5932953160	2080571.0
fon_Latn,OK,>1	2561201	259978199	227160.0
fon_Latn,['UnicodeDecodeError'],>1	73447	16890805	5622.0
fra_Latn,OK,>1	53917292640	4592307614144	2073697043.0
fra_Latn,['UnicodeDecodeError'],>1	945503138	88400561851	38674631.0
fur_Latn,OK,1	6	6	6.0
fur_Latn,OK,>1	1633470688	55158548668	163898942.0
fur_Latn,['UnicodeDecodeError'],>1	12525029	341958946	500807.0
fuv_Latn,OK,>1	126011025	2778958468	1384058.0
fuv_Latn,['UnicodeDecodeError'],>1	336099	14179704	16311.0
gaz_Latn,OK,1	5	5	5.0
gaz_Latn,OK,>1	114588042	20709643050	6857158.0
gaz_Latn,['UnicodeDecodeError'],1	1	1	1.0
gaz_Latn,['UnicodeDecodeError'],>1	805009	36258343	31860.0
gla_Latn,OK,>1	431816883	18278907308	14096121.0
gla_Latn,['UnicodeDecodeError'],>1	3516975	170697666	223255.0
gle_Latn,OK,>1	406430621	16799679130	23129343.0
gle_Latn,['UnicodeDecodeError'],>1	5150320	168626175	204105.0
glg_Latn,OK,1	241	241	241.0
glg_Latn,OK,>1	2037091924	79036968635	68164436.0
glg_Latn,['UnicodeDecodeError'],1	2	2	2.0
glg_Latn,['UnicodeDecodeError'],>1	34265040	1098929971	1062670.0
grn_Latn,OK,>1	2220955076	113330726450	49756606.0
grn_Latn,['UnicodeDecodeError'],>1	38071069	1004266667	664987.0
guj_Gujr,OK,1	6	6	6.0
guj_Gujr,OK,>1	132432422	8287726138	5411182.0
guj_Gujr,['UnicodeDecodeError'],>1	3210806	196205546	103929.0
hat_Latn,OK,1	1	1	1.0
hat_Latn,OK,>1	3667814613	109313392927	65743406.0
hat_Latn,['UnicodeDecodeError'],>1	209981360	4481627929	848145.0
hau_Latn,OK,>1	545949436	23419519071	19949419.0
hau_Latn,['UnicodeDecodeError'],>1	3784089	160081474	123073.0
heb_Hebr,OK,1	433	433	433.0
heb_Hebr,OK,>1	3807702126	219465121408	121968921.0
heb_Hebr,['UnicodeDecodeError'],1	197	197	197.0
heb_Hebr,['UnicodeDecodeError'],>1	41701116	2863476228	1945335.0
hin_Deva,OK,1	3912	3912	3912.0
hin_Deva,OK,>1	1858050169	151663047944	84886046.0
hin_Deva,['UnicodeDecodeError'],1	222	222	222.0
hin_Deva,['UnicodeDecodeError'],>1	22532867	2481080491	916780.0
hne_Deva,OK,1	5	5	5.0
hne_Deva,OK,>1	242343864	6866920601	54023390.0
hne_Deva,['UnicodeDecodeError'],>1	690227	31234734	34568.0
hrv_Latn,OK,1	194	194	194.0
hrv_Latn,OK,>1	4139589836	227769417334	154506312.0
hrv_Latn,['UnicodeDecodeError'],1	11	11	11.0
hrv_Latn,['UnicodeDecodeError'],>1	31531485	1939359925	966644.0
hun_Latn,OK,1	8234	8234	8234.0
hun_Latn,OK,>1	13198390547	805530394316	423708614.0
hun_Latn,['UnicodeDecodeError'],1	32	32	32.0
hun_Latn,['UnicodeDecodeError'],>1	200227109	13912183923	5111722.0
hye_Armn,OK,1	39	39	39.0
hye_Armn,OK,>1	370795162	26300974396	15410787.0
hye_Armn,['UnicodeDecodeError'],1	915	915	915.0
hye_Armn,['UnicodeDecodeError'],>1	8145993	527050613	320995.0
ibo_Latn,OK,>1	326392819	12262087671	41118908.0
ibo_Latn,['UnicodeDecodeError'],>1	1528819	55026595	133722.0
ilo_Latn,OK,1	3	3	3.0
ilo_Latn,OK,>1	1618996363	45189391124	70605120.0
ilo_Latn,['UnicodeDecodeError'],>1	7018588	194624255	330443.0
ind_Latn,OK,1	1	1	1.0
ind_Latn,OK,>1	14520419987	1427064832104	463272119.0
ind_Latn,['UnicodeDecodeError'],>1	51789326	4403559013	1285398.0
isl_Latn,OK,1	23	23	23.0
isl_Latn,OK,>1	407860862	29298652694	15373733.0
isl_Latn,['UnicodeDecodeError'],>1	4700068	214287623	132579.0
ita_Latn,OK,1	494	494	494.0
ita_Latn,OK,>1	31382977458	2708156484903	1235259503.0
ita_Latn,['UnicodeDecodeError'],1	6	6	6.0
ita_Latn,['UnicodeDecodeError'],>1	301743238	24801131692	10218499.0
jav_Latn,OK,>1	247166868	10347140063	8924136.0
jav_Latn,['UnicodeDecodeError'],>1	1090678	48439351	37577.0
jpn_Jpan,OK,1	214049	214049	214049.0
jpn_Jpan,OK,>1	100573400797	3051912583989	2808901972.0
jpn_Jpan,['UnicodeDecodeError'],1	14553	14553	14553.0
jpn_Jpan,['UnicodeDecodeError'],>1	791229184	24704850081	24188990.0
kab_Latn,OK,>1	1015893141	55386583038	15091862.0
kab_Latn,['UnicodeDecodeError'],>1	4136625	172970610	114640.0
kac_Latn,OK,>1	81040066	2503489555	1114976.0
kac_Latn,['UnicodeDecodeError'],>1	1099919	30550733	23267.0
kam_Latn,OK,>1	4151335	147356126	113085.0
kam_Latn,['UnicodeDecodeError'],1	1	1	1.0
kam_Latn,['UnicodeDecodeError'],>1	187979	2368760	4777.0
kan_Knda,OK,1	27	27	27.0
kan_Knda,OK,>1	209833794	10766253664	4424096.0
kan_Knda,['UnicodeDecodeError'],>1	1483177	179480881	66209.0
kas_Arab,OK,>1	18373101	385129623	93667.0
kas_Arab,['UnicodeDecodeError'],>1	67641	1417801	2050.0
kas_Deva,OK,>1	23893857	534911000	456769.0
kas_Deva,['UnicodeDecodeError'],>1	261025	4675016	1647.0
kat_Geor,OK,1	22	22	22.0
kat_Geor,OK,>1	673816695	35486405785	21968622.0
kat_Geor,['UnicodeDecodeError'],>1	11829315	956477943	468364.0
kaz_Cyrl,OK,>1	346324609	26709902946	13768313.0
kaz_Cyrl,['UnicodeDecodeError'],>1	9311209	892510122	219378.0
kbp_Latn,OK,>1	45445819	1214355929	2690299.0
kbp_Latn,['UnicodeDecodeError'],1	6	6	6.0
kbp_Latn,['UnicodeDecodeError'],>1	648593	12943544	15225.0
kea_Latn,OK,>1	28586624	545589842	879545.0
kea_Latn,['UnicodeDecodeError'],>1	98071	3547321	12283.0
khk_Cyrl,OK,>1	202768778	19888009378	9216269.0
khk_Cyrl,['UnicodeDecodeError'],>1	5893069	720325039	217796.0
khm_Khmr,OK,1	634015	634015	634015.0
khm_Khmr,OK,>1	84447131	6399419713	13740776.0
khm_Khmr,['UnicodeDecodeError'],1	1412	1412	1412.0
khm_Khmr,['UnicodeDecodeError'],>1	1787034	338957176	335084.0
kik_Latn,OK,1	3	3	3.0
kik_Latn,OK,>1	13590885	751871318	1004295.0
kik_Latn,['UnicodeDecodeError'],1	37	37	37.0
kik_Latn,['UnicodeDecodeError'],>1	146742	3135939	9951.0
kin_Latn,OK,1	320758	320758	320758.0
kin_Latn,OK,>1	163542897	7653077567	35779655.0
kin_Latn,['UnicodeDecodeError'],1	501	501	501.0
kin_Latn,['UnicodeDecodeError'],>1	3878406	56790144	391957.0
kir_Cyrl,OK,1	8	8	8.0
kir_Cyrl,OK,>1	81445615	5306356802	4555161.0
kir_Cyrl,['UnicodeDecodeError'],1	1	1	1.0
kir_Cyrl,['UnicodeDecodeError'],>1	1837093	118530212	53953.0
kmb_Latn,OK,>1	10272647	327224880	273845.0
kmb_Latn,['UnicodeDecodeError'],>1	53950	892052	2625.0
kmr_Latn,OK,1	63	63	63.0
kmr_Latn,OK,>1	25777023	2548653755	1644024.0
kmr_Latn,['UnicodeDecodeError'],1	185	185	185.0
kmr_Latn,['UnicodeDecodeError'],>1	784376	32513522	39260.0
knc_Arab,OK,>1	292066	8555604	8540.0
knc_Arab,['UnicodeDecodeError'],>1	3136	119207	170.0
knc_Latn,OK,>1	35079830	569361574	503756.0
knc_Latn,['UnicodeDecodeError'],>1	85830	6083873	3994.0
kon_Latn,OK,>1	3879039	94878063	343343.0
kon_Latn,['UnicodeDecodeError'],>1	33759	895668	2159.0
kor_Hang,OK,1	3621	3621	3621.0
kor_Hang,OK,>1	9759368817	363883316200	370417244.0
kor_Hang,['UnicodeDecodeError'],1	79	79	79.0
kor_Hang,['UnicodeDecodeError'],>1	185778324	8085596675	6673114.0
lao_Laoo,OK,1	1	1	1.0
lao_Laoo,OK,>1	23614584	1539263329	1213367.0
lao_Laoo,['UnicodeDecodeError'],>1	444914	56534680	24690.0
lij_Latn,OK,>1	361659821	8407984130	5610950.0
lij_Latn,['UnicodeDecodeError'],>1	3939099	198447066	69491.0
lim_Latn,OK,>1	2973669929	94071372910	79525590.0
lim_Latn,['UnicodeDecodeError'],>1	32212729	879750518	566378.0
lin_Latn,OK,1	12	12	12.0
lin_Latn,OK,>1	421065846	11148795435	19041300.0
lin_Latn,['UnicodeDecodeError'],>1	3129399	87492489	168448.0
lit_Latn,OK,1	224	224	224.0
lit_Latn,OK,>1	8067217955	289148542848	200101852.0
lit_Latn,['UnicodeDecodeError'],1	34	34	34.0
lit_Latn,['UnicodeDecodeError'],>1	57301905	3217572331	2057566.0
lmo_Latn,OK,>1	952507626	37111682261	82248657.0
lmo_Latn,['UnicodeDecodeError'],>1	5664089	179865678	211242.0
ltg_Latn,OK,>1	235072781	14263552068	10410129.0
ltg_Latn,['UnicodeDecodeError'],>1	2032988	44190197	28780.0
ltz_Latn,OK,>1	1111160643	32321175538	23442140.0
ltz_Latn,['UnicodeDecodeError'],>1	7356881	182848033	200738.0
lua_Latn,OK,>1	18084380	647668698	1154994.0
lua_Latn,['UnicodeDecodeError'],>1	97204	2242638	5567.0
lug_Latn,OK,1	5946	5946	5946.0
lug_Latn,OK,>1	40553345	2601510795	4915193.0
lug_Latn,['UnicodeDecodeError'],1	11	11	11.0
lug_Latn,['UnicodeDecodeError'],>1	215994	4930297	12710.0
luo_Latn,OK,>1	160361459	3559932075	1739352.0
luo_Latn,['UnicodeDecodeError'],>1	814653	13228633	23112.0
lus_Latn,OK,>1	309607602	9731326742	11885436.0
lus_Latn,['UnicodeDecodeError'],>1	2442071	66964425	88319.0
lvs_Latn,OK,1	1576	1576	1576.0
lvs_Latn,OK,>1	5267945040	202849090788	201953080.0
lvs_Latn,['UnicodeDecodeError'],1	1858	1858	1858.0
lvs_Latn,['UnicodeDecodeError'],>1	42798323	1313664740	1398977.0
mag_Deva,OK,>1	97138114	51588287672	9622993.0
mag_Deva,['UnicodeDecodeError'],>1	794873	14264400	10541.0
mai_Deva,OK,1	4	4	4.0
mai_Deva,OK,>1	15201134	628403068	1337581.0
mai_Deva,['UnicodeDecodeError'],>1	44727	2978656	2902.0
mal_Mlym,OK,1	7	7	7.0
mal_Mlym,OK,>1	163897759	19941854479	7295625.0
mal_Mlym,['UnicodeDecodeError'],1	1	1	1.0
mal_Mlym,['UnicodeDecodeError'],>1	5100156	977669657	255114.0
mar_Deva,OK,>1	221879740	17311406336	7890497.0
mar_Deva,['UnicodeDecodeError'],>1	1324392	156646348	80540.0
min_Latn,OK,>1	517651180	8527971858	9541176.0
min_Latn,['UnicodeDecodeError'],>1	2715345	93058303	83656.0
mkd_Cyrl,OK,1	1	1	1.0
mkd_Cyrl,OK,>1	604810160	30669206075	23735414.0
mkd_Cyrl,['UnicodeDecodeError'],>1	6502289	592913991	492857.0
mlt_Latn,OK,1	95	95	95.0
mlt_Latn,OK,>1	10892746798	235566250350	1300966890.0
mlt_Latn,['UnicodeDecodeError'],1	71	71	71.0
mlt_Latn,['UnicodeDecodeError'],>1	118809797	4612961385	1833718.0
mni_Beng,OK,>1	2461642	113908909	42150.0
mni_Beng,['UnicodeDecodeError'],>1	53554	813224	1755.0
mos_Latn,OK,1	643	643	643.0
mos_Latn,OK,>1	40753381	1252184046	2799946.0
mos_Latn,['UnicodeDecodeError'],1	1	1	1.0
mos_Latn,['UnicodeDecodeError'],>1	486034	21034465	58393.0
mri_Latn,OK,>1	121937944	3627349624	5449194.0
mri_Latn,['UnicodeDecodeError'],>1	611050	17297447	20524.0
mya_Mymr,OK,1	3	3	3.0
mya_Mymr,OK,>1	141278035	16634350007	5670800.0
mya_Mymr,['UnicodeDecodeError'],>1	11960098	1056668342	335847.0
nld_Latn,OK,1	272702	272702	272702.0
nld_Latn,OK,>1	40829645651	4492884832971	1321623943.0
nld_Latn,['UnicodeDecodeError'],1	517	517	517.0
nld_Latn,['UnicodeDecodeError'],>1	193638352	10613929519	5215895.0
nno_Latn,OK,1	699364	699364	699364.0
nno_Latn,OK,>1	5269339593	207174145519	954342967.0
nno_Latn,['UnicodeDecodeError'],1	429	429	429.0
nno_Latn,['UnicodeDecodeError'],>1	34023759	760591351	11598266.0
nob_Latn,OK,1	1463	1463	1463.0
nob_Latn,OK,>1	5577857520	395786640140	229022796.0
nob_Latn,['UnicodeDecodeError'],1	1	1	1.0
nob_Latn,['UnicodeDecodeError'],>1	32714371	2562319714	2124128.0
npi_Deva,OK,>1	120983458	14470168030	6372068.0
npi_Deva,['UnicodeDecodeError'],>1	9486127	701240039	134165.0
nso_Latn,OK,>1	66215512	1645217574	12190755.0
nso_Latn,['UnicodeDecodeError'],>1	418555	6478754	27117.0
null,OK,0	19189632422	0	19189632422.0
"null,['Traceback (most recent call last):\n  File ""/pfs/lustrep3/scratch/project_465000498/two/code/warc2text-runner/venv/lib/python3.10/site-packages/warc2text_runner/two/trafilatura/traf.py"", line 53, in traf\n    raise ValueError(""Could not parse HTML"")\nValueError: Could not parse HTML\n'],0"	3053369862	0	3053369862.0
null,['Trafilatura timed out: 0.5s'],0	341732799	0	341732799.0
"null,['UnicodeDecodeError', 'Traceback (most recent call last):\n  File ""/pfs/lustrep3/scratch/project_465000498/two/code/warc2text-runner/venv/lib/python3.10/site-packages/warc2text_runner/two/trafilatura/traf.py"", line 53, in traf\n    raise ValueError(""Could not parse HTML"")\nValueError: Could not parse HTML\n'],0"	2578599	0	2578599.0
null,['UnicodeDecodeError', 'Trafilatura timed out: 0.5s'],0	6110628	0	6110628.0
null,['UnicodeDecodeError'],0	174002248	0	174002248.0
nus_Latn,OK,>1	3110866	189156808	62576.0
nus_Latn,['UnicodeDecodeError'],>1	62672	6114261	2638.0
nya_Latn,OK,1	1	1	1.0
nya_Latn,OK,>1	109441316	1900187936	5146967.0
nya_Latn,['UnicodeDecodeError'],>1	617686	15562792	17429.0
oci_Latn,OK,1	25238	25238	25238.0
oci_Latn,OK,>1	614895531	19328712722	19320556.0
oci_Latn,['UnicodeDecodeError'],1	81	81	81.0
oci_Latn,['UnicodeDecodeError'],>1	5885713	226533873	182913.0
ory_Orya,OK,1	1	1	1.0
ory_Orya,OK,>1	7861944	1167140417	822634.0
ory_Orya,['UnicodeDecodeError'],>1	151150	21635323	10990.0
pag_Latn,OK,1	1	1	1.0
pag_Latn,OK,>1	341108740	12360476274	18924928.0
pag_Latn,['UnicodeDecodeError'],>1	2984980	71818911	130787.0
pan_Guru,OK,>1	69895857	4826719703	3596107.0
pan_Guru,['UnicodeDecodeError'],>1	1214553	151968584	44082.0
pap_Latn,OK,1	17733	17733	17733.0
pap_Latn,OK,>1	2018679041	91415358791	118595698.0
pap_Latn,['UnicodeDecodeError'],1	53	53	53.0
pap_Latn,['UnicodeDecodeError'],>1	36820588	1065219149	1083360.0
pbt_Arab,OK,>1	39112863	2668900461	1510667.0
pbt_Arab,['UnicodeDecodeError'],>1	1241387	164429931	84554.0
pes_Arab,OK,1	28	28	28.0
pes_Arab,OK,>1	19803991981	1580075691436	613840439.0
pes_Arab,['UnicodeDecodeError'],1	17	17	17.0
pes_Arab,['UnicodeDecodeError'],>1	2552171911	254044562006	39277676.0
plt_Latn,OK,>1	46923882	2232277112	1560762.0
plt_Latn,['UnicodeDecodeError'],>1	249113	29550100	13513.0
pol_Latn,OK,1	173483	173483	173483.0
pol_Latn,OK,>1	39256635499	2362809262326	1353380100.0
pol_Latn,['UnicodeDecodeError'],1	609	609	609.0
pol_Latn,['UnicodeDecodeError'],>1	1538672143	57228053477	16249233.0
por_Latn,OK,1	33481	33481	33481.0
por_Latn,OK,>1	41280187316	2955224605366	1429337897.0
por_Latn,['UnicodeDecodeError'],1	581	581	581.0
por_Latn,['UnicodeDecodeError'],>1	519875171	38198668041	20136268.0
prs_Arab,OK,>1	1657475695	74483152372	41823431.0
prs_Arab,['UnicodeDecodeError'],>1	32484285	2239233868	1288114.0
quy_Latn,OK,>1	34461798	1944689657	1777375.0
quy_Latn,['UnicodeDecodeError'],>1	1046609	34616166	36504.0
ron_Latn,OK,1	324	324	324.0
ron_Latn,OK,>1	10888679485	785107645813	330082536.0
ron_Latn,['UnicodeDecodeError'],>1	124254623	11334013425	3404114.0
run_Latn,OK,>1	404410608	10924036488	19408467.0
run_Latn,['UnicodeDecodeError'],>1	1999242	54913664	118536.0
rus_Cyrl,OK,1	9029	9029	9029.0
rus_Cyrl,OK,>1	144784268602	10368854691707	4727643827.0
rus_Cyrl,['UnicodeDecodeError'],1	427	427	427.0
rus_Cyrl,['UnicodeDecodeError'],>1	3660888484	260517297635	94647681.0
sag_Latn,OK,1	205	205	205.0
sag_Latn,OK,>1	248785137	4760748522	6844904.0
sag_Latn,['UnicodeDecodeError'],1	4	4	4.0
sag_Latn,['UnicodeDecodeError'],>1	6653094	124053862	189466.0
san_Deva,OK,>1	31552273	1808107762	606491.0
san_Deva,['UnicodeDecodeError'],>1	211915	15185939	2124.0
sat_Olck,OK,>1	618656	28613618	137985.0
sat_Olck,['UnicodeDecodeError'],>1	1303	13656	202.0
scn_Latn,OK,>1	809542838	29287052090	16179670.0
scn_Latn,['UnicodeDecodeError'],>1	16901703	355168376	572578.0
shn_Mymr,OK,>1	48918158	1734396251	109966.0
shn_Mymr,['UnicodeDecodeError'],>1	13682	3949607	1375.0
sin_Sinh,OK,1	4	4	4.0
sin_Sinh,OK,>1	192697326	150334892034	23967053.0
sin_Sinh,['UnicodeDecodeError'],1	1	1	1.0
sin_Sinh,['UnicodeDecodeError'],>1	1629814	184783201	79403.0
slk_Latn,OK,1	849	849	849.0
slk_Latn,OK,>1	11182351020	492704505981	355357016.0
slk_Latn,['UnicodeDecodeError'],1	167	167	167.0
slk_Latn,['UnicodeDecodeError'],>1	157873491	6145537303	2752421.0
slv_Latn,OK,1	23774	23774	23774.0
slv_Latn,OK,>1	5014364371	218407474165	165378287.0
slv_Latn,['UnicodeDecodeError'],1	548	548	548.0
slv_Latn,['UnicodeDecodeError'],>1	40552533	1412864006	1153262.0
smo_Latn,OK,>1	55215391	1651694680	2994166.0
smo_Latn,['UnicodeDecodeError'],>1	350734	7687065	44483.0
sna_Latn,OK,>1	220462629	18229725671	25196422.0
sna_Latn,['UnicodeDecodeError'],>1	1242581	37173654	121305.0
snd_Arab,OK,>1	23111547	4172583071	1156533.0
snd_Arab,['UnicodeDecodeError'],>1	730101	61672801	31071.0
som_Latn,OK,>1	1291133586	584290599824	27781323.0
som_Latn,['UnicodeDecodeError'],>1	5332528	243468667	242221.0
sot_Latn,OK,>1	67006170	3158427080	2355690.0
sot_Latn,['UnicodeDecodeError'],>1	400299	6976164	12680.0
spa_Latn,OK,>1	60340246064	5671828400097	2257673074.0
spa_Latn,['UnicodeDecodeError'],>1	1394015916	149106966715	40619247.0
srd_Latn,OK,1	415	415	415.0
srd_Latn,OK,>1	4700971047	173741863013	209168276.0
srd_Latn,['UnicodeDecodeError'],1	1	1	1.0
srd_Latn,['UnicodeDecodeError'],>1	136561225	7267986770	1821387.0
srp_Cyrl,OK,1	222	222	222.0
srp_Cyrl,OK,>1	760065304	63414461469	31316867.0
srp_Cyrl,['UnicodeDecodeError'],1	2	2	2.0
srp_Cyrl,['UnicodeDecodeError'],>1	25984795	1171708929	313590.0
ssw_Latn,OK,>1	40056808	1491409785	6798961.0
ssw_Latn,['UnicodeDecodeError'],>1	503696	10529407	68259.0
sun_Latn,OK,>1	1033180386	106154632003	57046074.0
sun_Latn,['UnicodeDecodeError'],>1	5457846	172207230	398251.0
swe_Latn,OK,1	489	489	489.0
swe_Latn,OK,>1	23139933827	1428591188917	957068044.0
swe_Latn,['UnicodeDecodeError'],1	75	75	75.0
swe_Latn,['UnicodeDecodeError'],>1	337683769	14484510903	6198005.0
swh_Latn,OK,>1	545216919	27609133210	34896034.0
swh_Latn,['UnicodeDecodeError'],>1	2284306	97304560	128627.0
szl_Latn,OK,1	2	2	2.0
szl_Latn,OK,>1	525329508	16510385025	8323746.0
szl_Latn,['UnicodeDecodeError'],>1	2970757	81462212	50835.0
tam_Taml,OK,1	49	49	49.0
tam_Taml,OK,>1	741378735	77792149061	18450934.0
tam_Taml,['UnicodeDecodeError'],>1	16005144	1752682657	453227.0
taq_Latn,OK,>1	158924150	3210733283	1750373.0
taq_Latn,['UnicodeDecodeError'],>1	357295	13272359	12121.0
taq_Tfng,OK,>1	20665	24000444	3938.0
taq_Tfng,['UnicodeDecodeError'],>1	814	12710	45.0
tat_Cyrl,OK,>1	119294412	6988927213	6123111.0
tat_Cyrl,['UnicodeDecodeError'],>1	1310912	80548800	52456.0
tel_Telu,OK,1	3	3	3.0
tel_Telu,OK,>1	136224569	13807854358	6919489.0
tel_Telu,['UnicodeDecodeError'],>1	4010141	532692472	171051.0
tgk_Cyrl,OK,>1	236853296	13189228788	16357675.0
tgk_Cyrl,['UnicodeDecodeError'],1	19	19	19.0
tgk_Cyrl,['UnicodeDecodeError'],>1	5188412	370183890	152788.0
tgl_Latn,OK,>1	1598506161	84333309340	101208762.0
tgl_Latn,['UnicodeDecodeError'],>1	5572555	215496772	422441.0
tha_Thai,OK,1	4990	4990	4990.0
tha_Thai,OK,>1	5580369731	322353252381	214514954.0
tha_Thai,['UnicodeDecodeError'],1	3	3	3.0
tha_Thai,['UnicodeDecodeError'],>1	121547525	10112671866	4752614.0
tir_Ethi,OK,1	5	5	5.0
tir_Ethi,OK,>1	150793267	25108137483	7472800.0
tir_Ethi,['UnicodeDecodeError'],>1	1883770	77080192	46628.0
tpi_Latn,OK,1	1	1	1.0
tpi_Latn,OK,>1	209679579	4067488028	24484380.0
tpi_Latn,['UnicodeDecodeError'],>1	759187	15726929	208823.0
tsn_Latn,OK,>1	55000002	3490161731	6823979.0
tsn_Latn,['UnicodeDecodeError'],>1	3175755	33465784	87435.0
tso_Latn,OK,1	1692	1692	1692.0
tso_Latn,OK,>1	27132794	836367867	3121004.0
tso_Latn,['UnicodeDecodeError'],1	2	2	2.0
tso_Latn,['UnicodeDecodeError'],>1	259371	5067691	12988.0
tuk_Latn,OK,1	15	15	15.0
tuk_Latn,OK,>1	175455361	6568049186	4011746.0
tuk_Latn,['UnicodeDecodeError'],1	3	3	3.0
tuk_Latn,['UnicodeDecodeError'],>1	3545064	166789906	87143.0
tum_Latn,OK,>1	45445102	576883195	659932.0
tum_Latn,['UnicodeDecodeError'],1	1	1	1.0
tum_Latn,['UnicodeDecodeError'],>1	336498	3049143	8265.0
tur_Latn,OK,>1	18102038782	1295685382452	710576872.0
tur_Latn,['UnicodeDecodeError'],>1	289694247	24091018665	13953781.0
twi_Latn,OK,1	1	1	1.0
twi_Latn,OK,>1	378439998	8311266339	10693170.0
twi_Latn,['UnicodeDecodeError'],>1	1007315	146640256	32881.0
tzm_Tfng,OK,>1	704084	105581224	27410.0
tzm_Tfng,['UnicodeDecodeError'],>1	22743	555558	1453.0
uig_Arab,OK,>1	65895148	6139620645	5183907.0
uig_Arab,['UnicodeDecodeError'],>1	4038713	320256655	206023.0
ukr_Cyrl,OK,1	2497	2497	2497.0
ukr_Cyrl,OK,>1	5586429621	452789846323	196715733.0
ukr_Cyrl,['UnicodeDecodeError'],1	80	80	80.0
ukr_Cyrl,['UnicodeDecodeError'],>1	130954011	14280637919	4390209.0
umb_Latn,OK,>1	9164989	257132125	573423.0
umb_Latn,['UnicodeDecodeError'],>1	29413	746740	3162.0
urd_Arab,OK,1	8028	8028	8028.0
urd_Arab,OK,>1	450574579	27326248139	16873363.0
urd_Arab,['UnicodeDecodeError'],1	52128	52128	52128.0
urd_Arab,['UnicodeDecodeError'],>1	8010908	829535779	635431.0
uzn_Latn,OK,1	1744	1744	1744.0
uzn_Latn,OK,>1	3176495468	146549737195	168585440.0
uzn_Latn,['UnicodeDecodeError'],1	9	9	9.0
uzn_Latn,['UnicodeDecodeError'],>1	82931666	10699058545	935642.0
vec_Latn,OK,>1	2492286835	61020474021	68367131.0
vec_Latn,['UnicodeDecodeError'],>1	19120889	555865884	461476.0
vie_Latn,OK,1	837	837	837.0
vie_Latn,OK,>1	15697332561	1197608399231	537424411.0
vie_Latn,['UnicodeDecodeError'],1	4	4	4.0
vie_Latn,['UnicodeDecodeError'],>1	303768991	21795456695	7496892.0
war_Latn,OK,>1	50122792	1756334108	2532972.0
war_Latn,['UnicodeDecodeError'],>1	108781	1816948	4276.0
wol_Latn,OK,1	174247	174247	174247.0
wol_Latn,OK,>1	1333575278	14810093710	641446728.0
wol_Latn,['UnicodeDecodeError'],1	20890	20890	20890.0
wol_Latn,['UnicodeDecodeError'],>1	2000898	32954734	446902.0
xho_Latn,OK,1	24632	24632	24632.0
xho_Latn,OK,>1	667269186	148204650265	115401965.0
xho_Latn,['UnicodeDecodeError'],1	141	141	141.0
xho_Latn,['UnicodeDecodeError'],>1	5838311	296118646	302528.0
ydd_Hebr,OK,>1	109955476	4409148031	4922879.0
ydd_Hebr,['UnicodeDecodeError'],>1	930342	60484066	41641.0
yor_Latn,OK,1	1559	1559	1559.0
yor_Latn,OK,>1	900125668	22533545427	25786300.0
yor_Latn,['UnicodeDecodeError'],1	29	29	29.0
yor_Latn,['UnicodeDecodeError'],>1	4138864	950651006	292792.0
yue_Hant,OK,1	2259	2259	2259.0
yue_Hant,OK,>1	506056691	12766296106	25452832.0
yue_Hant,['UnicodeDecodeError'],1	5	5	5.0
yue_Hant,['UnicodeDecodeError'],>1	6118515	125542983	154878.0
zho_Hans,OK,1	648	648	648.0
zho_Hans,OK,>1	194999091061	7467839255216	9096516998.0
zho_Hans,['UnicodeDecodeError'],1	2	2	2.0
zho_Hans,['UnicodeDecodeError'],>1	1427366002	67907835706	55437856.0
zho_Hant,OK,1	313	313	313.0
zho_Hant,OK,>1	22193795544	1339296423178	1038393440.0
zho_Hant,['UnicodeDecodeError'],1	7	7	7.0
zho_Hant,['UnicodeDecodeError'],>1	233084954	9915459698	10600866.0
zsm_Latn,OK,>1	29718319450	1132556247986	402051017.0
zsm_Latn,['UnicodeDecodeError'],>1	214385665	7713628049	2471706.0
zul_Latn,OK,>1	2067654547	76359386349	910689486.0
zul_Latn,['UnicodeDecodeError'],>1	1480481	54290089	110113.0
