358T	one/warc/ia/wide00015
504T	three/warc/archivebot/archivebot_rest_shuf_00
519T	three/warc/archivebot/archivebot_rest_shuf_02
520T	three/warc/archivebot/archivebot_rest_shuf_03
38T	three/warc/cc/CC-MAIN-2014-15
68T	three/warc/cc/CC-MAIN-2018-34
48T	three/warc/cc/CC-MAIN-2018-39
60T	three/warc/cc/CC-MAIN-2020-05
50T	three/warc/cc/CC-MAIN-2020-10
63T	three/warc/cc/CC-MAIN-2020-16
54T	three/warc/cc/CC-MAIN-2020-24
63T	three/warc/cc/CC-MAIN-2020-29
49T	three/warc/cc/CC-MAIN-2020-34
82T	three/warc/cc/CC-MAIN-2020-40
64T	three/warc/cc/CC-MAIN-2020-45
60T	three/warc/cc/CC-MAIN-2020-50
79T	three/warc/cc/CC-MAIN-2021-04
63T	three/warc/cc/CC-MAIN-2021-10
70T	three/warc/cc/CC-MAIN-2021-17
67T	three/warc/cc/CC-MAIN-2021-21
58T	three/warc/cc/CC-MAIN-2021-25
76T	three/warc/cc/CC-MAIN-2021-31
69T	three/warc/cc/CC-MAIN-2021-49
74T	three/warc/cc/CC-MAIN-2022-05
93T	three/warc/cc/CC-MAIN-2022-21
89T	three/warc/cc/CC-MAIN-2023-06
87T	three/warc/cc/CC-MAIN-2023-23
99T	three/warc/cc/CC-MAIN-2023-40
271T	two/warc/archivebot/archivebot_partial
