83T	one/warc/cc/CC-MAIN-2022-40
93T	one/warc/cc/CC-MAIN-2022-49
768T	one/warc/ia/wide00016
641T	one/warc/ia/wide00017
507T	three/warc/archivebot/archivebot_rest_shuf_01
34T	three/warc/cc/CC-MAIN-2015-18
30T	three/warc/cc/CC-MAIN-2016-30
29T	three/warc/cc/CC-MAIN-2016-40
54T	three/warc/cc/CC-MAIN-2016-44
64T	three/warc/cc/CC-MAIN-2017-26
62T	three/warc/cc/CC-MAIN-2017-51
59T	three/warc/cc/CC-MAIN-2019-04
73T	three/warc/cc/CC-MAIN-2021-39
69T	three/warc/cc/CC-MAIN-2022-33
88T	three/warc/cc/CC-MAIN-2023-14
100T	three/warc/cc/CC-MAIN-2023-50
91T	three/warc/cc/CC-MAIN-2024-10
82T	three/warc/cc/CC-MAIN-2024-18
79T	three/warc/cc/CC-MAIN-2024-22
80T	three/warc/cc/CC-MAIN-2024-26
77T	three/warc/cc/CC-MAIN-2024-30
70T	three/warc/cc/CC-MAIN-2024-33
84T	three/warc/cc/CC-MAIN-2024-38
78T	three/warc/cc/CC-MAIN-2024-42
83T	three/warc/cc/CC-MAIN-2024-46
81T	three/warc/cc/CC-MAIN-2024-51
81T	three/warc/ia/wide00002
43T	two/warc/cc/CC-MAIN-2014-35
54T	two/warc/cc/CC-MAIN-2014-42
29T	two/warc/cc/CC-MAIN-2015-11
30T	two/warc/cc/CC-MAIN-2015-48
54T	two/warc/cc/CC-MAIN-2017-04
75T	two/warc/cc/CC-MAIN-2018-05
52T	two/warc/cc/CC-MAIN-2018-22
59T	two/warc/cc/CC-MAIN-2018-43
86T	two/warc/cc/CC-MAIN-2021-43
85T	two/warc/cc/CC-MAIN-2022-27
94T	two/warc/ia/survey_00003
365T	two/warc/ia/wide00005
204T	two/warc/ia/wide00006
91T	two/warc/ia/wide00010
420T	two/warc/ia/wide00011
449T	two/warc/ia/wide00012
