288880240	./CC-MAIN-2019-13/1/html.zst
436697968	./CC-MAIN-2020-29/1/html.zst
615082000	./CC-MAIN-2022-27/69/html.zst
614736208	./CC-MAIN-2022-27/34/html.zst
615162240	./CC-MAIN-2022-27/37/html.zst
614983728	./CC-MAIN-2022-27/80/html.zst
614515840	./CC-MAIN-2022-27/53/html.zst
615118016	./CC-MAIN-2022-27/7/html.zst
614688256	./CC-MAIN-2022-27/56/html.zst
614932064	./CC-MAIN-2022-27/51/html.zst
614662208	./CC-MAIN-2022-27/21/html.zst
614829680	./CC-MAIN-2022-27/59/html.zst
614811968	./CC-MAIN-2022-27/24/html.zst
615247760	./CC-MAIN-2022-27/27/html.zst
614636736	./CC-MAIN-2022-27/75/html.zst
614505136	./CC-MAIN-2022-27/70/html.zst
614586736	./CC-MAIN-2022-27/78/html.zst
614456720	./CC-MAIN-2022-27/73/html.zst
615041296	./CC-MAIN-2022-27/43/html.zst
614456672	./CC-MAIN-2022-27/6/html.zst
614776336	./CC-MAIN-2022-27/3/html.zst
614857664	./CC-MAIN-2022-27/46/html.zst
614902608	./CC-MAIN-2022-27/41/html.zst
614803744	./CC-MAIN-2022-27/11/html.zst
614894496	./CC-MAIN-2022-27/49/html.zst
614762080	./CC-MAIN-2022-27/19/html.zst
614922288	./CC-MAIN-2022-27/14/html.zst
614887712	./CC-MAIN-2022-27/17/html.zst
614683696	./CC-MAIN-2022-27/65/html.zst
615255728	./CC-MAIN-2022-27/60/html.zst
614812928	./CC-MAIN-2022-27/68/html.zst
614743040	./CC-MAIN-2022-27/63/html.zst
614821376	./CC-MAIN-2022-27/33/html.zst
614696272	./CC-MAIN-2022-27/5/html.zst
614521840	./CC-MAIN-2022-27/2/html.zst
614796896	./CC-MAIN-2022-27/36/html.zst
614348400	./CC-MAIN-2022-27/31/html.zst
614383520	./CC-MAIN-2022-27/39/html.zst
614574624	./CC-MAIN-2022-27/55/html.zst
615018720	./CC-MAIN-2022-27/50/html.zst
614863344	./CC-MAIN-2022-27/58/html.zst
614742288	./CC-MAIN-2022-27/23/html.zst
614539936	./CC-MAIN-2022-27/4/html.zst
615112688	./CC-MAIN-2022-27/1/html.zst
615313824	./CC-MAIN-2022-27/26/html.zst
614799808	./CC-MAIN-2022-27/74/html.zst
614683584	./CC-MAIN-2022-27/29/html.zst
614328848	./CC-MAIN-2022-27/77/html.zst
614782896	./CC-MAIN-2022-27/72/html.zst
614458336	./CC-MAIN-2022-27/45/html.zst
614928736	./CC-MAIN-2022-27/40/html.zst
614691824	./CC-MAIN-2022-27/48/html.zst
614719856	./CC-MAIN-2022-27/13/html.zst
614922944	./CC-MAIN-2022-27/16/html.zst
615162512	./CC-MAIN-2022-27/64/html.zst
614792416	./CC-MAIN-2022-27/67/html.zst
614241568	./CC-MAIN-2022-27/62/html.zst
614570352	./CC-MAIN-2022-27/32/html.zst
614544656	./CC-MAIN-2022-27/35/html.zst
614431360	./CC-MAIN-2022-27/30/html.zst
614538000	./CC-MAIN-2022-27/38/html.zst
614499904	./CC-MAIN-2022-27/54/html.zst
615014000	./CC-MAIN-2022-27/57/html.zst
614959056	./CC-MAIN-2022-27/52/html.zst
614677584	./CC-MAIN-2022-27/22/html.zst
614851840	./CC-MAIN-2022-27/25/html.zst
614650096	./CC-MAIN-2022-27/20/html.zst
614862320	./CC-MAIN-2022-27/9/html.zst
615249024	./CC-MAIN-2022-27/28/html.zst
614698592	./CC-MAIN-2022-27/76/html.zst
614612832	./CC-MAIN-2022-27/71/html.zst
614741440	./CC-MAIN-2022-27/79/html.zst
614651888	./CC-MAIN-2022-27/44/html.zst
614797776	./CC-MAIN-2022-27/47/html.zst
614917888	./CC-MAIN-2022-27/42/html.zst
614861104	./CC-MAIN-2022-27/12/html.zst
614574880	./CC-MAIN-2022-27/15/html.zst
614554480	./CC-MAIN-2022-27/10/html.zst
614442960	./CC-MAIN-2022-27/8/html.zst
615017552	./CC-MAIN-2022-27/18/html.zst
615047168	./CC-MAIN-2022-27/66/html.zst
614649280	./CC-MAIN-2022-27/61/html.zst
317603424	./CC-MAIN-2015-11/34/html.zst
313846992	./CC-MAIN-2015-11/37/html.zst
317554688	./CC-MAIN-2015-11/7/html.zst
315255664	./CC-MAIN-2015-11/21/html.zst
317087664	./CC-MAIN-2015-11/24/html.zst
315296432	./CC-MAIN-2015-11/27/html.zst
319105408	./CC-MAIN-2015-11/6/html.zst
317470832	./CC-MAIN-2015-11/3/html.zst
311806288	./CC-MAIN-2015-11/11/html.zst
318972448	./CC-MAIN-2015-11/19/html.zst
315964800	./CC-MAIN-2015-11/14/html.zst
311403360	./CC-MAIN-2015-11/17/html.zst
315297024	./CC-MAIN-2015-11/33/html.zst
316162464	./CC-MAIN-2015-11/5/html.zst
317854624	./CC-MAIN-2015-11/2/html.zst
313500704	./CC-MAIN-2015-11/36/html.zst
315725920	./CC-MAIN-2015-11/31/html.zst
314667184	./CC-MAIN-2015-11/23/html.zst
316691904	./CC-MAIN-2015-11/4/html.zst
316611664	./CC-MAIN-2015-11/1/html.zst
317366736	./CC-MAIN-2015-11/26/html.zst
310535216	./CC-MAIN-2015-11/29/html.zst
314960016	./CC-MAIN-2015-11/13/html.zst
315228480	./CC-MAIN-2015-11/16/html.zst
313940352	./CC-MAIN-2015-11/32/html.zst
314293680	./CC-MAIN-2015-11/35/html.zst
312450368	./CC-MAIN-2015-11/30/html.zst
51685872	./CC-MAIN-2015-11/38/html.zst
314459424	./CC-MAIN-2015-11/22/html.zst
318129792	./CC-MAIN-2015-11/25/html.zst
312413088	./CC-MAIN-2015-11/20/html.zst
317672672	./CC-MAIN-2015-11/9/html.zst
316638192	./CC-MAIN-2015-11/28/html.zst
314426944	./CC-MAIN-2015-11/12/html.zst
314007696	./CC-MAIN-2015-11/15/html.zst
314802720	./CC-MAIN-2015-11/10/html.zst
319576752	./CC-MAIN-2015-11/8/html.zst
315263872	./CC-MAIN-2015-11/18/html.zst
312392448	./CC-MAIN-2019-30/1/html.zst
121543920	./CC-MAIN-2015-35/1/html.zst
359536304	./CC-MAIN-2019-35/1/html.zst
362929824	./CC-MAIN-2020-24/1/html.zst
221063744	./CC-MAIN-2014-23/1/html.zst
340723840	./CC-MAIN-2020-10/1/html.zst
257995472	./CC-MAIN-2017-30/1/html.zst
309353232	./CC-MAIN-2019-22/1/html.zst
267389040	./CC-MAIN-2017-51/1/html.zst
103414672	./CC-MAIN-2015-14/1/html.zst
169045792	./CC-MAIN-2014-15/1/html.zst
341860384	./CC-MAIN-2018-51/1/html.zst
309773040	./CC-MAIN-2019-09/1/html.zst
298761584	./CC-MAIN-2018-17/1/html.zst
8154560	./archivebot_partial/69/html.zst
12072640	./archivebot_partial/34/html.zst
14335024	./archivebot_partial/37/html.zst
14035056	./archivebot_partial/85/html.zst
6753904	./archivebot_partial/80/html.zst
13633888	./archivebot_partial/119/html.zst
8826944	./archivebot_partial/157/html.zst
10439552	./archivebot_partial/88/html.zst
12496880	./archivebot_partial/199/html.zst
9241376	./archivebot_partial/107/html.zst
8037984	./archivebot_partial/83/html.zst
17571808	./archivebot_partial/103/html.zst
15661536	./archivebot_partial/149/html.zst
6730864	./archivebot_partial/53/html.zst
17129552	./archivebot_partial/145/html.zst
9683200	./archivebot_partial/187/html.zst
12479488	./archivebot_partial/7/html.zst
8825888	./archivebot_partial/137/html.zst
9461712	./archivebot_partial/208/html.zst
13135104	./archivebot_partial/133/html.zst
14355056	./archivebot_partial/56/html.zst
11395104	./archivebot_partial/175/html.zst
18357760	./archivebot_partial/171/html.zst
8438304	./archivebot_partial/51/html.zst
8057120	./archivebot_partial/125/html.zst
10944768	./archivebot_partial/21/html.zst
10630288	./archivebot_partial/121/html.zst
10096320	./archivebot_partial/163/html.zst
7926976	./archivebot_partial/59/html.zst
11949344	./archivebot_partial/24/html.zst
8414928	./archivebot_partial/151/html.zst
14880784	./archivebot_partial/222/html.zst
10165360	./archivebot_partial/214/html.zst
9817808	./archivebot_partial/210/html.zst
12286784	./archivebot_partial/27/html.zst
12878656	./archivebot_partial/75/html.zst
10570544	./archivebot_partial/70/html.zst
11204976	./archivebot_partial/78/html.zst
10713312	./archivebot_partial/73/html.zst
7045856	./archivebot_partial/43/html.zst
6853792	./archivebot_partial/6/html.zst
15559920	./archivebot_partial/3/html.zst
7950032	./archivebot_partial/108/html.zst
17377520	./archivebot_partial/46/html.zst
7350976	./archivebot_partial/146/html.zst
11316624	./archivebot_partial/188/html.zst
21847200	./archivebot_partial/41/html.zst
12539936	./archivebot_partial/11/html.zst
14651504	./archivebot_partial/138/html.zst
9362896	./archivebot_partial/209/html.zst
8388032	./archivebot_partial/134/html.zst
10249040	./archivebot_partial/49/html.zst
9209824	./archivebot_partial/176/html.zst
12815872	./archivebot_partial/19/html.zst
10878640	./archivebot_partial/97/html.zst
15889984	./archivebot_partial/126/html.zst
7589408	./archivebot_partial/14/html.zst
10050928	./archivebot_partial/92/html.zst
13302144	./archivebot_partial/122/html.zst
9562592	./archivebot_partial/164/html.zst
14200144	./archivebot_partial/160/html.zst
5225568	./archivebot_partial/114/html.zst
11750048	./archivebot_partial/110/html.zst
11087264	./archivebot_partial/17/html.zst
8396384	./archivebot_partial/152/html.zst
10409888	./archivebot_partial/223/html.zst
10703584	./archivebot_partial/65/html.zst
6995136	./archivebot_partial/194/html.zst
9306144	./archivebot_partial/190/html.zst
9439536	./archivebot_partial/60/html.zst
10590176	./archivebot_partial/215/html.zst
18505136	./archivebot_partial/140/html.zst
8309424	./archivebot_partial/211/html.zst
7585952	./archivebot_partial/68/html.zst
12872496	./archivebot_partial/203/html.zst
11187488	./archivebot_partial/63/html.zst
10971920	./archivebot_partial/33/html.zst
7538608	./archivebot_partial/5/html.zst
10321504	./archivebot_partial/36/html.zst
14418752	./archivebot_partial/31/html.zst
12121472	./archivebot_partial/109/html.zst
11408448	./archivebot_partial/39/html.zst
10774976	./archivebot_partial/87/html.zst
8718272	./archivebot_partial/189/html.zst
8275744	./archivebot_partial/82/html.zst
16215040	./archivebot_partial/139/html.zst
9030384	./archivebot_partial/135/html.zst
14918528	./archivebot_partial/177/html.zst
10658368	./archivebot_partial/127/html.zst
8545248	./archivebot_partial/123/html.zst
8142256	./archivebot_partial/169/html.zst
11686400	./archivebot_partial/55/html.zst
9537520	./archivebot_partial/165/html.zst
7303776	./archivebot_partial/161/html.zst
11292272	./archivebot_partial/50/html.zst
12311600	./archivebot_partial/115/html.zst
12913712	./archivebot_partial/111/html.zst
12668080	./archivebot_partial/153/html.zst
811872	./archivebot_partial/224/html.zst
10379200	./archivebot_partial/58/html.zst
13788752	./archivebot_partial/195/html.zst
10549520	./archivebot_partial/191/html.zst
12564608	./archivebot_partial/216/html.zst
8239632	./archivebot_partial/23/html.zst
9661600	./archivebot_partial/141/html.zst
13512512	./archivebot_partial/212/html.zst
15769472	./archivebot_partial/183/html.zst
8631632	./archivebot_partial/4/html.zst
7508336	./archivebot_partial/1/html.zst
8085408	./archivebot_partial/204/html.zst
7217456	./archivebot_partial/200/html.zst
10222432	./archivebot_partial/26/html.zst
9482080	./archivebot_partial/74/html.zst
10309488	./archivebot_partial/29/html.zst
8983008	./archivebot_partial/77/html.zst
9610352	./archivebot_partial/72/html.zst
10284720	./archivebot_partial/45/html.zst
10346128	./archivebot_partial/178/html.zst
12771328	./archivebot_partial/40/html.zst
12744528	./archivebot_partial/128/html.zst
8863520	./archivebot_partial/124/html.zst
8569376	./archivebot_partial/48/html.zst
10098640	./archivebot_partial/166/html.zst
12003952	./archivebot_partial/96/html.zst
16806304	./archivebot_partial/116/html.zst
9829008	./archivebot_partial/13/html.zst
9500336	./archivebot_partial/91/html.zst
5928592	./archivebot_partial/112/html.zst
13333040	./archivebot_partial/158/html.zst
9692320	./archivebot_partial/154/html.zst
9280704	./archivebot_partial/150/html.zst
13007232	./archivebot_partial/196/html.zst
11285904	./archivebot_partial/104/html.zst
12173456	./archivebot_partial/99/html.zst
9974992	./archivebot_partial/192/html.zst
19983232	./archivebot_partial/100/html.zst
8317520	./archivebot_partial/217/html.zst
10475232	./archivebot_partial/16/html.zst
10359440	./archivebot_partial/94/html.zst
13094416	./archivebot_partial/142/html.zst
12207520	./archivebot_partial/213/html.zst
8430288	./archivebot_partial/64/html.zst
13355440	./archivebot_partial/184/html.zst
17960272	./archivebot_partial/180/html.zst
11178384	./archivebot_partial/205/html.zst
11825216	./archivebot_partial/130/html.zst
7303616	./archivebot_partial/201/html.zst
11391568	./archivebot_partial/172/html.zst
13210208	./archivebot_partial/67/html.zst
9056336	./archivebot_partial/62/html.zst
11553200	./archivebot_partial/32/html.zst
15602672	./archivebot_partial/35/html.zst
8985040	./archivebot_partial/30/html.zst
14627696	./archivebot_partial/38/html.zst
11839104	./archivebot_partial/86/html.zst
11001392	./archivebot_partial/179/html.zst
10431984	./archivebot_partial/81/html.zst
12395152	./archivebot_partial/129/html.zst
9460080	./archivebot_partial/167/html.zst
13107920	./archivebot_partial/89/html.zst
8535936	./archivebot_partial/117/html.zst
7853184	./archivebot_partial/84/html.zst
8109104	./archivebot_partial/113/html.zst
10173936	./archivebot_partial/159/html.zst
12267376	./archivebot_partial/54/html.zst
9131536	./archivebot_partial/155/html.zst
8951888	./archivebot_partial/197/html.zst
10266768	./archivebot_partial/105/html.zst
11504032	./archivebot_partial/193/html.zst
11604208	./archivebot_partial/101/html.zst
15298224	./archivebot_partial/147/html.zst
10628528	./archivebot_partial/218/html.zst
12566736	./archivebot_partial/143/html.zst
16288848	./archivebot_partial/57/html.zst
7204560	./archivebot_partial/185/html.zst
8306224	./archivebot_partial/181/html.zst
8031424	./archivebot_partial/52/html.zst
9809056	./archivebot_partial/206/html.zst
12032064	./archivebot_partial/22/html.zst
16254336	./archivebot_partial/131/html.zst
8708208	./archivebot_partial/202/html.zst
11571408	./archivebot_partial/173/html.zst
11095504	./archivebot_partial/25/html.zst
9154016	./archivebot_partial/20/html.zst
12772096	./archivebot_partial/9/html.zst
12853152	./archivebot_partial/220/html.zst
9740416	./archivebot_partial/28/html.zst
18986224	./archivebot_partial/76/html.zst
6628768	./archivebot_partial/71/html.zst
7810272	./archivebot_partial/79/html.zst
10119504	./archivebot_partial/44/html.zst
9219584	./archivebot_partial/168/html.zst
9826672	./archivebot_partial/118/html.zst
9914336	./archivebot_partial/47/html.zst
11387056	./archivebot_partial/156/html.zst
6983488	./archivebot_partial/95/html.zst
15327088	./archivebot_partial/198/html.zst
9033968	./archivebot_partial/42/html.zst
7852304	./archivebot_partial/106/html.zst
9153328	./archivebot_partial/12/html.zst
12753568	./archivebot_partial/90/html.zst
10936416	./archivebot_partial/102/html.zst
18372096	./archivebot_partial/148/html.zst
10267968	./archivebot_partial/219/html.zst
13688960	./archivebot_partial/144/html.zst
14897904	./archivebot_partial/186/html.zst
10552240	./archivebot_partial/98/html.zst
9540912	./archivebot_partial/182/html.zst
8082320	./archivebot_partial/136/html.zst
8265456	./archivebot_partial/207/html.zst
9114848	./archivebot_partial/15/html.zst
9537888	./archivebot_partial/93/html.zst
8246672	./archivebot_partial/132/html.zst
12080240	./archivebot_partial/174/html.zst
13158544	./archivebot_partial/10/html.zst
12532512	./archivebot_partial/170/html.zst
10095600	./archivebot_partial/8/html.zst
13314048	./archivebot_partial/120/html.zst
11758768	./archivebot_partial/18/html.zst
9640816	./archivebot_partial/162/html.zst
9337024	./archivebot_partial/66/html.zst
9336288	./archivebot_partial/61/html.zst
14173952	./archivebot_partial/221/html.zst
332334272	./CC-MAIN-2020-34/1/html.zst
185320640	./CC-MAIN-2014-41/1/html.zst
355520256	./CC-MAIN-2017-43/1/html.zst
490763264	./CC-MAIN-2021-04/1/html.zst
366404352	./CC-MAIN-2021-25/1/html.zst
128049808	./CC-MAIN-2015-18/1/html.zst
573347536	./CC-MAIN-2018-43/34/html.zst
573393392	./CC-MAIN-2018-43/37/html.zst
573575888	./CC-MAIN-2018-43/53/html.zst
573379952	./CC-MAIN-2018-43/7/html.zst
573500240	./CC-MAIN-2018-43/56/html.zst
573259904	./CC-MAIN-2018-43/51/html.zst
573504736	./CC-MAIN-2018-43/21/html.zst
573794096	./CC-MAIN-2018-43/24/html.zst
573276128	./CC-MAIN-2018-43/27/html.zst
573455088	./CC-MAIN-2018-43/43/html.zst
573480448	./CC-MAIN-2018-43/6/html.zst
573305376	./CC-MAIN-2018-43/3/html.zst
573542592	./CC-MAIN-2018-43/46/html.zst
573556000	./CC-MAIN-2018-43/41/html.zst
573491856	./CC-MAIN-2018-43/11/html.zst
573618352	./CC-MAIN-2018-43/49/html.zst
573426608	./CC-MAIN-2018-43/19/html.zst
573369824	./CC-MAIN-2018-43/14/html.zst
573417088	./CC-MAIN-2018-43/17/html.zst
573590592	./CC-MAIN-2018-43/33/html.zst
573659440	./CC-MAIN-2018-43/5/html.zst
573471504	./CC-MAIN-2018-43/2/html.zst
573565024	./CC-MAIN-2018-43/36/html.zst
573671136	./CC-MAIN-2018-43/31/html.zst
573977232	./CC-MAIN-2018-43/39/html.zst
573617168	./CC-MAIN-2018-43/55/html.zst
573416016	./CC-MAIN-2018-43/50/html.zst
573685520	./CC-MAIN-2018-43/23/html.zst
573555696	./CC-MAIN-2018-43/4/html.zst
573614384	./CC-MAIN-2018-43/1/html.zst
573662880	./CC-MAIN-2018-43/26/html.zst
573513152	./CC-MAIN-2018-43/29/html.zst
573514560	./CC-MAIN-2018-43/45/html.zst
573503536	./CC-MAIN-2018-43/40/html.zst
573450784	./CC-MAIN-2018-43/48/html.zst
573488896	./CC-MAIN-2018-43/13/html.zst
573598624	./CC-MAIN-2018-43/16/html.zst
573643488	./CC-MAIN-2018-43/32/html.zst
573560192	./CC-MAIN-2018-43/35/html.zst
573680096	./CC-MAIN-2018-43/30/html.zst
573400416	./CC-MAIN-2018-43/38/html.zst
573410448	./CC-MAIN-2018-43/54/html.zst
573596944	./CC-MAIN-2018-43/52/html.zst
573375696	./CC-MAIN-2018-43/22/html.zst
573278624	./CC-MAIN-2018-43/25/html.zst
573464240	./CC-MAIN-2018-43/20/html.zst
573778608	./CC-MAIN-2018-43/9/html.zst
573421648	./CC-MAIN-2018-43/28/html.zst
573495104	./CC-MAIN-2018-43/44/html.zst
573427152	./CC-MAIN-2018-43/47/html.zst
573615264	./CC-MAIN-2018-43/42/html.zst
573368688	./CC-MAIN-2018-43/12/html.zst
573654336	./CC-MAIN-2018-43/15/html.zst
573686192	./CC-MAIN-2018-43/10/html.zst
573121024	./CC-MAIN-2018-43/8/html.zst
573479328	./CC-MAIN-2018-43/18/html.zst
330207808	./CC-MAIN-2019-51/1/html.zst
305197536	./CC-MAIN-2017-13/1/html.zst
341737040	./CC-MAIN-2018-30/1/html.zst
304542144	./CC-MAIN-2019-26/1/html.zst
117537520	./CC-MAIN-2016-07/1/html.zst
316327264	./CC-MAIN-2019-39/1/html.zst
382832880	./CC-MAIN-2018-05/69/html.zst
383271456	./CC-MAIN-2018-05/34/html.zst
383330512	./CC-MAIN-2018-05/37/html.zst
383031136	./CC-MAIN-2018-05/80/html.zst
383116352	./CC-MAIN-2018-05/53/html.zst
383048928	./CC-MAIN-2018-05/7/html.zst
382934384	./CC-MAIN-2018-05/56/html.zst
383101136	./CC-MAIN-2018-05/51/html.zst
383165472	./CC-MAIN-2018-05/21/html.zst
382922384	./CC-MAIN-2018-05/59/html.zst
383043824	./CC-MAIN-2018-05/24/html.zst
383228640	./CC-MAIN-2018-05/27/html.zst
383225920	./CC-MAIN-2018-05/75/html.zst
382993056	./CC-MAIN-2018-05/70/html.zst
383115408	./CC-MAIN-2018-05/78/html.zst
383061088	./CC-MAIN-2018-05/73/html.zst
382957872	./CC-MAIN-2018-05/43/html.zst
383126704	./CC-MAIN-2018-05/6/html.zst
382955648	./CC-MAIN-2018-05/3/html.zst
382980144	./CC-MAIN-2018-05/46/html.zst
383209872	./CC-MAIN-2018-05/41/html.zst
382890096	./CC-MAIN-2018-05/11/html.zst
383005632	./CC-MAIN-2018-05/49/html.zst
383099120	./CC-MAIN-2018-05/19/html.zst
383128928	./CC-MAIN-2018-05/14/html.zst
383170128	./CC-MAIN-2018-05/17/html.zst
382980928	./CC-MAIN-2018-05/65/html.zst
383245840	./CC-MAIN-2018-05/60/html.zst
382904208	./CC-MAIN-2018-05/68/html.zst
382945584	./CC-MAIN-2018-05/63/html.zst
383052464	./CC-MAIN-2018-05/33/html.zst
383045168	./CC-MAIN-2018-05/5/html.zst
383003184	./CC-MAIN-2018-05/2/html.zst
383260144	./CC-MAIN-2018-05/36/html.zst
383020992	./CC-MAIN-2018-05/31/html.zst
383047472	./CC-MAIN-2018-05/39/html.zst
383142000	./CC-MAIN-2018-05/55/html.zst
382926384	./CC-MAIN-2018-05/50/html.zst
383080224	./CC-MAIN-2018-05/58/html.zst
383186944	./CC-MAIN-2018-05/23/html.zst
383173264	./CC-MAIN-2018-05/4/html.zst
383033568	./CC-MAIN-2018-05/1/html.zst
383228112	./CC-MAIN-2018-05/26/html.zst
383037968	./CC-MAIN-2018-05/74/html.zst
383058480	./CC-MAIN-2018-05/29/html.zst
382926256	./CC-MAIN-2018-05/77/html.zst
383106112	./CC-MAIN-2018-05/72/html.zst
383240368	./CC-MAIN-2018-05/45/html.zst
383167040	./CC-MAIN-2018-05/40/html.zst
383058992	./CC-MAIN-2018-05/48/html.zst
383176784	./CC-MAIN-2018-05/13/html.zst
383003008	./CC-MAIN-2018-05/16/html.zst
382894016	./CC-MAIN-2018-05/64/html.zst
383068080	./CC-MAIN-2018-05/67/html.zst
382863824	./CC-MAIN-2018-05/62/html.zst
382957184	./CC-MAIN-2018-05/32/html.zst
383085632	./CC-MAIN-2018-05/35/html.zst
383006064	./CC-MAIN-2018-05/30/html.zst
383045872	./CC-MAIN-2018-05/38/html.zst
383219744	./CC-MAIN-2018-05/54/html.zst
382985984	./CC-MAIN-2018-05/57/html.zst
383054912	./CC-MAIN-2018-05/52/html.zst
383129968	./CC-MAIN-2018-05/22/html.zst
383113376	./CC-MAIN-2018-05/25/html.zst
382998112	./CC-MAIN-2018-05/20/html.zst
383023632	./CC-MAIN-2018-05/9/html.zst
382842768	./CC-MAIN-2018-05/28/html.zst
383196752	./CC-MAIN-2018-05/76/html.zst
383089584	./CC-MAIN-2018-05/71/html.zst
383135056	./CC-MAIN-2018-05/79/html.zst
382949216	./CC-MAIN-2018-05/44/html.zst
383309648	./CC-MAIN-2018-05/47/html.zst
383254352	./CC-MAIN-2018-05/42/html.zst
383202864	./CC-MAIN-2018-05/12/html.zst
383034224	./CC-MAIN-2018-05/15/html.zst
382980832	./CC-MAIN-2018-05/10/html.zst
383141264	./CC-MAIN-2018-05/8/html.zst
383129792	./CC-MAIN-2018-05/18/html.zst
383113936	./CC-MAIN-2018-05/66/html.zst
383047376	./CC-MAIN-2018-05/61/html.zst
149171776	./wide00015/338/html.zst
149416400	./wide00015/263/html.zst
145359456	./wide00015/334/html.zst
152407072	./wide00015/69/html.zst
147218608	./wide00015/376/html.zst
149189504	./wide00015/326/html.zst
150853424	./wide00015/34/html.zst
147994960	./wide00015/251/html.zst
150470480	./wide00015/322/html.zst
150753536	./wide00015/368/html.zst
149669184	./wide00015/364/html.zst
145752640	./wide00015/360/html.zst
150431760	./wide00015/314/html.zst
150296576	./wide00015/310/html.zst
150264608	./wide00015/37/html.zst
152335184	./wide00015/352/html.zst
152773824	./wide00015/85/html.zst
18214736	./wide00015/390/html.zst
150509952	./wide00015/80/html.zst
148841984	./wide00015/119/html.zst
148140976	./wide00015/340/html.zst
147350864	./wide00015/382/html.zst
149901696	./wide00015/157/html.zst
149100976	./wide00015/88/html.zst
146992864	./wide00015/199/html.zst
146324432	./wide00015/107/html.zst
151065328	./wide00015/83/html.zst
148980896	./wide00015/103/html.zst
148455568	./wide00015/149/html.zst
152257776	./wide00015/53/html.zst
148684480	./wide00015/145/html.zst
148078928	./wide00015/187/html.zst
153762992	./wide00015/7/html.zst
150386528	./wide00015/137/html.zst
150304832	./wide00015/208/html.zst
150677600	./wide00015/133/html.zst
151004096	./wide00015/56/html.zst
148793152	./wide00015/175/html.zst
150264112	./wide00015/246/html.zst
150302144	./wide00015/171/html.zst
146148944	./wide00015/288/html.zst
149226736	./wide00015/51/html.zst
151820800	./wide00015/125/html.zst
150198048	./wide00015/21/html.zst
149840800	./wide00015/121/html.zst
151122592	./wide00015/238/html.zst
150921424	./wide00015/309/html.zst
152826208	./wide00015/163/html.zst
149775840	./wide00015/234/html.zst
147722160	./wide00015/59/html.zst
149570656	./wide00015/276/html.zst
148105008	./wide00015/389/html.zst
148141776	./wide00015/226/html.zst
149642000	./wide00015/24/html.zst
149244528	./wide00015/151/html.zst
148004448	./wide00015/222/html.zst
149227920	./wide00015/268/html.zst
148437328	./wide00015/339/html.zst
149865776	./wide00015/264/html.zst
149059552	./wide00015/260/html.zst
148085520	./wide00015/377/html.zst
150293568	./wide00015/214/html.zst
146469328	./wide00015/210/html.zst
149070400	./wide00015/327/html.zst
152587392	./wide00015/27/html.zst
149375200	./wide00015/252/html.zst
146472976	./wide00015/323/html.zst
147491504	./wide00015/369/html.zst
150041872	./wide00015/75/html.zst
148673600	./wide00015/294/html.zst
147800048	./wide00015/365/html.zst
144570336	./wide00015/290/html.zst
150266480	./wide00015/70/html.zst
149297552	./wide00015/315/html.zst
151063584	./wide00015/240/html.zst
148301296	./wide00015/311/html.zst
147072624	./wide00015/357/html.zst
148362096	./wide00015/353/html.zst
149895952	./wide00015/78/html.zst
148371312	./wide00015/303/html.zst
148691184	./wide00015/73/html.zst
152457200	./wide00015/43/html.zst
152908240	./wide00015/341/html.zst
150682320	./wide00015/383/html.zst
151426160	./wide00015/6/html.zst
155473264	./wide00015/3/html.zst
148071712	./wide00015/108/html.zst
151247296	./wide00015/46/html.zst
149641008	./wide00015/371/html.zst
148406720	./wide00015/146/html.zst
148919552	./wide00015/188/html.zst
149913136	./wide00015/41/html.zst
147469072	./wide00015/11/html.zst
150998672	./wide00015/138/html.zst
148136048	./wide00015/209/html.zst
148151008	./wide00015/134/html.zst
152836240	./wide00015/49/html.zst
150952688	./wide00015/176/html.zst
150018976	./wide00015/19/html.zst
148693952	./wide00015/97/html.zst
150738816	./wide00015/289/html.zst
146603200	./wide00015/126/html.zst
153096272	./wide00015/14/html.zst
150590032	./wide00015/92/html.zst
148524608	./wide00015/122/html.zst
149673248	./wide00015/239/html.zst
145596448	./wide00015/164/html.zst
150998912	./wide00015/235/html.zst
149806352	./wide00015/160/html.zst
149760512	./wide00015/277/html.zst
149756752	./wide00015/114/html.zst
147642752	./wide00015/110/html.zst
151753216	./wide00015/227/html.zst
152334432	./wide00015/17/html.zst
149824608	./wide00015/152/html.zst
147936512	./wide00015/223/html.zst
150144704	./wide00015/269/html.zst
148733808	./wide00015/65/html.zst
150334928	./wide00015/194/html.zst
146478320	./wide00015/265/html.zst
150029168	./wide00015/190/html.zst
146709232	./wide00015/378/html.zst
150606256	./wide00015/60/html.zst
147313792	./wide00015/215/html.zst
149304704	./wide00015/140/html.zst
149890464	./wide00015/211/html.zst
148796080	./wide00015/328/html.zst
151727728	./wide00015/253/html.zst
152119696	./wide00015/68/html.zst
147194192	./wide00015/295/html.zst
146466528	./wide00015/366/html.zst
147538848	./wide00015/203/html.zst
146882800	./wide00015/291/html.zst
152008688	./wide00015/63/html.zst
151623296	./wide00015/316/html.zst
154679792	./wide00015/33/html.zst
150073872	./wide00015/241/html.zst
151437296	./wide00015/312/html.zst
149918000	./wide00015/358/html.zst
149695952	./wide00015/283/html.zst
145251664	./wide00015/354/html.zst
155819648	./wide00015/5/html.zst
151836784	./wide00015/2/html.zst
148585680	./wide00015/304/html.zst
148864320	./wide00015/300/html.zst
149254304	./wide00015/346/html.zst
145944112	./wide00015/36/html.zst
147974064	./wide00015/342/html.zst
150184384	./wide00015/384/html.zst
152824368	./wide00015/31/html.zst
148134672	./wide00015/380/html.zst
150097232	./wide00015/109/html.zst
148611824	./wide00015/330/html.zst
150955024	./wide00015/39/html.zst
150724768	./wide00015/372/html.zst
150553632	./wide00015/87/html.zst
149287360	./wide00015/189/html.zst
151817424	./wide00015/82/html.zst
150228336	./wide00015/139/html.zst
147931072	./wide00015/135/html.zst
149686848	./wide00015/177/html.zst
145492304	./wide00015/127/html.zst
147493824	./wide00015/123/html.zst
145707664	./wide00015/169/html.zst
152783488	./wide00015/55/html.zst
149002240	./wide00015/165/html.zst
147014496	./wide00015/161/html.zst
147705968	./wide00015/278/html.zst
148650576	./wide00015/50/html.zst
146755216	./wide00015/115/html.zst
151095760	./wide00015/111/html.zst
146528992	./wide00015/228/html.zst
148573696	./wide00015/153/html.zst
145319840	./wide00015/224/html.zst
152229808	./wide00015/58/html.zst
147991520	./wide00015/195/html.zst
150721712	./wide00015/266/html.zst
147861552	./wide00015/191/html.zst
148853264	./wide00015/216/html.zst
148682400	./wide00015/23/html.zst
149232512	./wide00015/141/html.zst
147147312	./wide00015/212/html.zst
148377792	./wide00015/258/html.zst
150554784	./wide00015/329/html.zst
150918240	./wide00015/183/html.zst
150450768	./wide00015/254/html.zst
151968352	./wide00015/4/html.zst
149550912	./wide00015/296/html.zst
154301792	./wide00015/1/html.zst
150875216	./wide00015/367/html.zst
148562560	./wide00015/204/html.zst
150680048	./wide00015/292/html.zst
149704000	./wide00015/200/html.zst
149312912	./wide00015/317/html.zst
150180096	./wide00015/26/html.zst
147300384	./wide00015/242/html.zst
146689008	./wide00015/359/html.zst
149264912	./wide00015/74/html.zst
148141360	./wide00015/284/html.zst
152108480	./wide00015/355/html.zst
152148544	./wide00015/280/html.zst
149740976	./wide00015/305/html.zst
150484624	./wide00015/230/html.zst
148836368	./wide00015/301/html.zst
148890496	./wide00015/347/html.zst
149272240	./wide00015/29/html.zst
153939264	./wide00015/272/html.zst
150568048	./wide00015/343/html.zst
150233088	./wide00015/77/html.zst
152585584	./wide00015/385/html.zst
149877696	./wide00015/381/html.zst
152508032	./wide00015/72/html.zst
147260608	./wide00015/335/html.zst
144877824	./wide00015/331/html.zst
147916192	./wide00015/373/html.zst
151984144	./wide00015/45/html.zst
147387792	./wide00015/361/html.zst
148880704	./wide00015/178/html.zst
150541072	./wide00015/40/html.zst
151273104	./wide00015/128/html.zst
147486032	./wide00015/124/html.zst
149652592	./wide00015/48/html.zst
148856400	./wide00015/166/html.zst
150781568	./wide00015/96/html.zst
148065392	./wide00015/116/html.zst
149816912	./wide00015/13/html.zst
149825488	./wide00015/91/html.zst
150395888	./wide00015/112/html.zst
149046704	./wide00015/158/html.zst
151111952	./wide00015/229/html.zst
146430512	./wide00015/154/html.zst
150407664	./wide00015/150/html.zst
151722592	./wide00015/196/html.zst
148679152	./wide00015/267/html.zst
148460400	./wide00015/104/html.zst
149466112	./wide00015/99/html.zst
146704016	./wide00015/192/html.zst
147172016	./wide00015/100/html.zst
145868416	./wide00015/217/html.zst
151935920	./wide00015/16/html.zst
153751904	./wide00015/94/html.zst
148632288	./wide00015/142/html.zst
147054944	./wide00015/213/html.zst
147783920	./wide00015/259/html.zst
149956896	./wide00015/64/html.zst
149970528	./wide00015/184/html.zst
147436240	./wide00015/255/html.zst
146629136	./wide00015/180/html.zst
150771728	./wide00015/297/html.zst
151592624	./wide00015/205/html.zst
148034800	./wide00015/293/html.zst
146743920	./wide00015/130/html.zst
147562176	./wide00015/201/html.zst
145677520	./wide00015/247/html.zst
148271584	./wide00015/318/html.zst
147014672	./wide00015/172/html.zst
149381232	./wide00015/243/html.zst
149410928	./wide00015/67/html.zst
148994992	./wide00015/285/html.zst
148443616	./wide00015/356/html.zst
147727392	./wide00015/281/html.zst
152704208	./wide00015/62/html.zst
150077632	./wide00015/306/html.zst
150819248	./wide00015/32/html.zst
149364640	./wide00015/231/html.zst
149470672	./wide00015/302/html.zst
147830112	./wide00015/348/html.zst
147462096	./wide00015/273/html.zst
150407264	./wide00015/344/html.zst
146647968	./wide00015/386/html.zst
149770064	./wide00015/336/html.zst
151084384	./wide00015/35/html.zst
148057648	./wide00015/261/html.zst
147836832	./wide00015/332/html.zst
145521760	./wide00015/374/html.zst
152368656	./wide00015/30/html.zst
152781744	./wide00015/370/html.zst
151168256	./wide00015/324/html.zst
149030976	./wide00015/320/html.zst
150572288	./wide00015/38/html.zst
147366496	./wide00015/362/html.zst
154995424	./wide00015/86/html.zst
151019536	./wide00015/179/html.zst
150639520	./wide00015/81/html.zst
146352976	./wide00015/129/html.zst
147405712	./wide00015/350/html.zst
149669968	./wide00015/167/html.zst
151443232	./wide00015/89/html.zst
148527472	./wide00015/117/html.zst
150429696	./wide00015/84/html.zst
152440432	./wide00015/113/html.zst
147818320	./wide00015/159/html.zst
152417840	./wide00015/54/html.zst
148894768	./wide00015/155/html.zst
147956128	./wide00015/197/html.zst
150100128	./wide00015/105/html.zst
148321328	./wide00015/193/html.zst
147424496	./wide00015/101/html.zst
148813888	./wide00015/147/html.zst
148382704	./wide00015/218/html.zst
148656720	./wide00015/143/html.zst
153658000	./wide00015/57/html.zst
149942208	./wide00015/185/html.zst
152181680	./wide00015/256/html.zst
147683248	./wide00015/181/html.zst
147773248	./wide00015/298/html.zst
153075952	./wide00015/52/html.zst
149181504	./wide00015/206/html.zst
150948464	./wide00015/22/html.zst
146081120	./wide00015/131/html.zst
147632272	./wide00015/202/html.zst
150994176	./wide00015/248/html.zst
151554656	./wide00015/319/html.zst
149867776	./wide00015/173/html.zst
147737392	./wide00015/244/html.zst
148174128	./wide00015/286/html.zst
148700736	./wide00015/282/html.zst
150107520	./wide00015/236/html.zst
149226608	./wide00015/307/html.zst
151120528	./wide00015/25/html.zst
148631792	./wide00015/232/html.zst
146478432	./wide00015/349/html.zst
147785280	./wide00015/274/html.zst
150546944	./wide00015/345/html.zst
148934640	./wide00015/20/html.zst
149855568	./wide00015/270/html.zst
148243680	./wide00015/387/html.zst
151840736	./wide00015/9/html.zst
151295440	./wide00015/220/html.zst
149804816	./wide00015/337/html.zst
151139344	./wide00015/28/html.zst
147321344	./wide00015/262/html.zst
146570496	./wide00015/333/html.zst
148612368	./wide00015/379/html.zst
150505424	./wide00015/76/html.zst
146339200	./wide00015/375/html.zst
150811920	./wide00015/71/html.zst
147727776	./wide00015/325/html.zst
148787328	./wide00015/250/html.zst
149248960	./wide00015/321/html.zst
145890160	./wide00015/363/html.zst
149783184	./wide00015/79/html.zst
148176864	./wide00015/313/html.zst
149017072	./wide00015/44/html.zst
147082192	./wide00015/351/html.zst
149345040	./wide00015/168/html.zst
146061632	./wide00015/118/html.zst
148967200	./wide00015/47/html.zst
147746352	./wide00015/156/html.zst
150608960	./wide00015/95/html.zst
149324736	./wide00015/198/html.zst
152328128	./wide00015/42/html.zst
148677280	./wide00015/106/html.zst
149327184	./wide00015/12/html.zst
150261200	./wide00015/90/html.zst
146299664	./wide00015/102/html.zst
150052592	./wide00015/148/html.zst
147201984	./wide00015/219/html.zst
146468048	./wide00015/144/html.zst
150163584	./wide00015/186/html.zst
148236128	./wide00015/257/html.zst
152516192	./wide00015/98/html.zst
148725936	./wide00015/182/html.zst
147278128	./wide00015/299/html.zst
148729408	./wide00015/136/html.zst
149864544	./wide00015/207/html.zst
149455376	./wide00015/15/html.zst
153829808	./wide00015/93/html.zst
146572512	./wide00015/132/html.zst
150387104	./wide00015/249/html.zst
144777296	./wide00015/174/html.zst
147999104	./wide00015/245/html.zst
147414560	./wide00015/10/html.zst
150901904	./wide00015/170/html.zst
147950704	./wide00015/287/html.zst
152312512	./wide00015/8/html.zst
146692288	./wide00015/120/html.zst
148352640	./wide00015/237/html.zst
149694624	./wide00015/308/html.zst
150814784	./wide00015/18/html.zst
150712656	./wide00015/162/html.zst
148860336	./wide00015/233/html.zst
149234656	./wide00015/279/html.zst
151940640	./wide00015/66/html.zst
147198768	./wide00015/275/html.zst
151156144	./wide00015/271/html.zst
146563776	./wide00015/388/html.zst
149099536	./wide00015/61/html.zst
144100400	./wide00015/225/html.zst
151573888	./wide00015/221/html.zst
118618224	./CC-MAIN-2013-20/1/html.zst
409058864	./CC-MAIN-2017-04/34/html.zst
409376832	./CC-MAIN-2017-04/37/html.zst
409231584	./CC-MAIN-2017-04/53/html.zst
414672144	./CC-MAIN-2017-04/7/html.zst
409044800	./CC-MAIN-2017-04/56/html.zst
409052336	./CC-MAIN-2017-04/51/html.zst
409107760	./CC-MAIN-2017-04/21/html.zst
409044896	./CC-MAIN-2017-04/59/html.zst
409101168	./CC-MAIN-2017-04/24/html.zst
409246832	./CC-MAIN-2017-04/27/html.zst
408932192	./CC-MAIN-2017-04/43/html.zst
414713152	./CC-MAIN-2017-04/6/html.zst
415109424	./CC-MAIN-2017-04/3/html.zst
409435088	./CC-MAIN-2017-04/46/html.zst
409041184	./CC-MAIN-2017-04/41/html.zst
409227456	./CC-MAIN-2017-04/11/html.zst
409050512	./CC-MAIN-2017-04/49/html.zst
409060704	./CC-MAIN-2017-04/19/html.zst
409080976	./CC-MAIN-2017-04/14/html.zst
409089680	./CC-MAIN-2017-04/17/html.zst
409782640	./CC-MAIN-2017-04/65/html.zst
408976192	./CC-MAIN-2017-04/60/html.zst
409032768	./CC-MAIN-2017-04/63/html.zst
408854768	./CC-MAIN-2017-04/33/html.zst
414659504	./CC-MAIN-2017-04/5/html.zst
414605296	./CC-MAIN-2017-04/2/html.zst
409275008	./CC-MAIN-2017-04/36/html.zst
408791168	./CC-MAIN-2017-04/31/html.zst
409101648	./CC-MAIN-2017-04/39/html.zst
409046720	./CC-MAIN-2017-04/55/html.zst
409145536	./CC-MAIN-2017-04/50/html.zst
409028960	./CC-MAIN-2017-04/58/html.zst
409062032	./CC-MAIN-2017-04/23/html.zst
414548000	./CC-MAIN-2017-04/4/html.zst
414759776	./CC-MAIN-2017-04/1/html.zst
408950464	./CC-MAIN-2017-04/26/html.zst
408977248	./CC-MAIN-2017-04/29/html.zst
409477616	./CC-MAIN-2017-04/45/html.zst
409099472	./CC-MAIN-2017-04/40/html.zst
408965760	./CC-MAIN-2017-04/48/html.zst
409199120	./CC-MAIN-2017-04/13/html.zst
409049184	./CC-MAIN-2017-04/16/html.zst
409211680	./CC-MAIN-2017-04/64/html.zst
123647792	./CC-MAIN-2017-04/67/html.zst
409076064	./CC-MAIN-2017-04/62/html.zst
409036176	./CC-MAIN-2017-04/32/html.zst
408964944	./CC-MAIN-2017-04/35/html.zst
409019440	./CC-MAIN-2017-04/30/html.zst
408971856	./CC-MAIN-2017-04/38/html.zst
409690080	./CC-MAIN-2017-04/54/html.zst
409045296	./CC-MAIN-2017-04/57/html.zst
409083488	./CC-MAIN-2017-04/52/html.zst
409084080	./CC-MAIN-2017-04/22/html.zst
409002528	./CC-MAIN-2017-04/25/html.zst
409169264	./CC-MAIN-2017-04/20/html.zst
414734784	./CC-MAIN-2017-04/9/html.zst
409400224	./CC-MAIN-2017-04/28/html.zst
409297856	./CC-MAIN-2017-04/44/html.zst
409030960	./CC-MAIN-2017-04/47/html.zst
409063712	./CC-MAIN-2017-04/42/html.zst
409517024	./CC-MAIN-2017-04/12/html.zst
409117520	./CC-MAIN-2017-04/15/html.zst
409082768	./CC-MAIN-2017-04/10/html.zst
414706192	./CC-MAIN-2017-04/8/html.zst
409527648	./CC-MAIN-2017-04/18/html.zst
408937824	./CC-MAIN-2017-04/66/html.zst
409090304	./CC-MAIN-2017-04/61/html.zst
119824560	./CC-MAIN-2016-40/1/html.zst
107144672	./CC-MAIN-2015-06/1/html.zst
439915872	./CC-MAIN-2018-22/34/html.zst
440092576	./CC-MAIN-2018-22/37/html.zst
439710448	./CC-MAIN-2018-22/53/html.zst
439634480	./CC-MAIN-2018-22/7/html.zst
439811408	./CC-MAIN-2018-22/56/html.zst
439803232	./CC-MAIN-2018-22/51/html.zst
440057376	./CC-MAIN-2018-22/21/html.zst
439784400	./CC-MAIN-2018-22/59/html.zst
439574720	./CC-MAIN-2018-22/24/html.zst
439850512	./CC-MAIN-2018-22/27/html.zst
439840896	./CC-MAIN-2018-22/43/html.zst
439800624	./CC-MAIN-2018-22/6/html.zst
439843152	./CC-MAIN-2018-22/3/html.zst
439859328	./CC-MAIN-2018-22/46/html.zst
439708176	./CC-MAIN-2018-22/41/html.zst
439871184	./CC-MAIN-2018-22/11/html.zst
439631360	./CC-MAIN-2018-22/49/html.zst
439836032	./CC-MAIN-2018-22/19/html.zst
439898112	./CC-MAIN-2018-22/14/html.zst
439805152	./CC-MAIN-2018-22/17/html.zst
439926608	./CC-MAIN-2018-22/60/html.zst
439796912	./CC-MAIN-2018-22/63/html.zst
440102192	./CC-MAIN-2018-22/33/html.zst
439881264	./CC-MAIN-2018-22/5/html.zst
439827312	./CC-MAIN-2018-22/2/html.zst
439819504	./CC-MAIN-2018-22/36/html.zst
439813376	./CC-MAIN-2018-22/31/html.zst
440012000	./CC-MAIN-2018-22/39/html.zst
439804160	./CC-MAIN-2018-22/55/html.zst
439724608	./CC-MAIN-2018-22/50/html.zst
439937024	./CC-MAIN-2018-22/58/html.zst
439969920	./CC-MAIN-2018-22/23/html.zst
440092752	./CC-MAIN-2018-22/4/html.zst
440071344	./CC-MAIN-2018-22/1/html.zst
439735808	./CC-MAIN-2018-22/26/html.zst
439681552	./CC-MAIN-2018-22/29/html.zst
439936352	./CC-MAIN-2018-22/45/html.zst
439850816	./CC-MAIN-2018-22/40/html.zst
439725712	./CC-MAIN-2018-22/48/html.zst
439771568	./CC-MAIN-2018-22/13/html.zst
439794944	./CC-MAIN-2018-22/16/html.zst
439931744	./CC-MAIN-2018-22/64/html.zst
439834192	./CC-MAIN-2018-22/62/html.zst
439906096	./CC-MAIN-2018-22/32/html.zst
439628528	./CC-MAIN-2018-22/35/html.zst
439713600	./CC-MAIN-2018-22/30/html.zst
439965632	./CC-MAIN-2018-22/38/html.zst
440188672	./CC-MAIN-2018-22/54/html.zst
439870176	./CC-MAIN-2018-22/57/html.zst
439828880	./CC-MAIN-2018-22/52/html.zst
439786560	./CC-MAIN-2018-22/22/html.zst
439975056	./CC-MAIN-2018-22/25/html.zst
439740272	./CC-MAIN-2018-22/20/html.zst
439839888	./CC-MAIN-2018-22/9/html.zst
439788848	./CC-MAIN-2018-22/28/html.zst
439823008	./CC-MAIN-2018-22/44/html.zst
439970128	./CC-MAIN-2018-22/47/html.zst
439889488	./CC-MAIN-2018-22/42/html.zst
439761968	./CC-MAIN-2018-22/12/html.zst
439600928	./CC-MAIN-2018-22/15/html.zst
439696304	./CC-MAIN-2018-22/10/html.zst
439729888	./CC-MAIN-2018-22/8/html.zst
439905056	./CC-MAIN-2018-22/18/html.zst
439737904	./CC-MAIN-2018-22/61/html.zst
320820000	./CC-MAIN-2019-04/1/html.zst
618251920	./CC-MAIN-2023-40/1/html.zst
108236144	./CC-MAIN-2016-36/1/html.zst
553434528	./CC-MAIN-2022-21/1/html.zst
307407760	./CC-MAIN-2017-34/1/html.zst
452476528	./CC-MAIN-2022-05/1/html.zst
385433232	./CC-MAIN-2021-21/1/html.zst
108435280	./CC-MAIN-2015-27/1/html.zst
322098192	./CC-MAIN-2018-09/1/html.zst
294525552	./CC-MAIN-2015-48/34/html.zst
295045904	./CC-MAIN-2015-48/37/html.zst
298703552	./CC-MAIN-2015-48/7/html.zst
295126272	./CC-MAIN-2015-48/21/html.zst
295158000	./CC-MAIN-2015-48/24/html.zst
295485568	./CC-MAIN-2015-48/27/html.zst
299386224	./CC-MAIN-2015-48/6/html.zst
299284848	./CC-MAIN-2015-48/3/html.zst
276994304	./CC-MAIN-2015-48/41/html.zst
295173296	./CC-MAIN-2015-48/11/html.zst
295314192	./CC-MAIN-2015-48/19/html.zst
294834512	./CC-MAIN-2015-48/14/html.zst
295458656	./CC-MAIN-2015-48/17/html.zst
295034704	./CC-MAIN-2015-48/33/html.zst
298892272	./CC-MAIN-2015-48/5/html.zst
298835648	./CC-MAIN-2015-48/2/html.zst
295338144	./CC-MAIN-2015-48/36/html.zst
295396336	./CC-MAIN-2015-48/31/html.zst
294939168	./CC-MAIN-2015-48/39/html.zst
294649232	./CC-MAIN-2015-48/23/html.zst
298920528	./CC-MAIN-2015-48/4/html.zst
298975488	./CC-MAIN-2015-48/1/html.zst
295285536	./CC-MAIN-2015-48/26/html.zst
294837216	./CC-MAIN-2015-48/29/html.zst
295113872	./CC-MAIN-2015-48/40/html.zst
295613376	./CC-MAIN-2015-48/13/html.zst
295019040	./CC-MAIN-2015-48/16/html.zst
294855888	./CC-MAIN-2015-48/32/html.zst
295063552	./CC-MAIN-2015-48/35/html.zst
294919856	./CC-MAIN-2015-48/30/html.zst
295049936	./CC-MAIN-2015-48/38/html.zst
294986512	./CC-MAIN-2015-48/22/html.zst
295314016	./CC-MAIN-2015-48/25/html.zst
294872400	./CC-MAIN-2015-48/20/html.zst
298993520	./CC-MAIN-2015-48/9/html.zst
295173600	./CC-MAIN-2015-48/28/html.zst
294944160	./CC-MAIN-2015-48/12/html.zst
295466096	./CC-MAIN-2015-48/15/html.zst
295195696	./CC-MAIN-2015-48/10/html.zst
299458864	./CC-MAIN-2015-48/8/html.zst
294931904	./CC-MAIN-2015-48/18/html.zst
295370880	./CC-MAIN-2017-26/1/html.zst
389313472	./CC-MAIN-2020-45/1/html.zst
81573008	./CC-MAIN-2015-40/1/html.zst
448051552	./CC-MAIN-2021-17/1/html.zst
150572192	./CC-MAIN-2014-10/1/html.zst
236485712	./CC-MAIN-2016-50/1/html.zst
475643040	./CC-MAIN-2020-40/1/html.zst
257062832	./CC-MAIN-2014-42/69/html.zst
365790736	./CC-MAIN-2014-42/34/html.zst
361588608	./CC-MAIN-2014-42/37/html.zst
364568128	./CC-MAIN-2014-42/53/html.zst
372017568	./CC-MAIN-2014-42/7/html.zst
365720848	./CC-MAIN-2014-42/56/html.zst
365425488	./CC-MAIN-2014-42/51/html.zst
364465520	./CC-MAIN-2014-42/21/html.zst
359985040	./CC-MAIN-2014-42/59/html.zst
361216336	./CC-MAIN-2014-42/24/html.zst
364738144	./CC-MAIN-2014-42/27/html.zst
362230704	./CC-MAIN-2014-42/43/html.zst
367803968	./CC-MAIN-2014-42/6/html.zst
370579328	./CC-MAIN-2014-42/3/html.zst
360880480	./CC-MAIN-2014-42/46/html.zst
361066800	./CC-MAIN-2014-42/41/html.zst
365525792	./CC-MAIN-2014-42/11/html.zst
366599808	./CC-MAIN-2014-42/49/html.zst
365465248	./CC-MAIN-2014-42/19/html.zst
362990848	./CC-MAIN-2014-42/14/html.zst
361526688	./CC-MAIN-2014-42/17/html.zst
364363184	./CC-MAIN-2014-42/65/html.zst
362202224	./CC-MAIN-2014-42/60/html.zst
361849776	./CC-MAIN-2014-42/68/html.zst
360621312	./CC-MAIN-2014-42/63/html.zst
364298400	./CC-MAIN-2014-42/33/html.zst
370063040	./CC-MAIN-2014-42/5/html.zst
372616000	./CC-MAIN-2014-42/2/html.zst
363194448	./CC-MAIN-2014-42/36/html.zst
363576896	./CC-MAIN-2014-42/31/html.zst
361949328	./CC-MAIN-2014-42/39/html.zst
363796240	./CC-MAIN-2014-42/55/html.zst
366626608	./CC-MAIN-2014-42/50/html.zst
363139440	./CC-MAIN-2014-42/58/html.zst
362918336	./CC-MAIN-2014-42/23/html.zst
372101536	./CC-MAIN-2014-42/4/html.zst
373147152	./CC-MAIN-2014-42/1/html.zst
366082480	./CC-MAIN-2014-42/26/html.zst
363075696	./CC-MAIN-2014-42/29/html.zst
362125872	./CC-MAIN-2014-42/45/html.zst
362967424	./CC-MAIN-2014-42/40/html.zst
362387328	./CC-MAIN-2014-42/48/html.zst
364344832	./CC-MAIN-2014-42/13/html.zst
364268672	./CC-MAIN-2014-42/16/html.zst
363586016	./CC-MAIN-2014-42/64/html.zst
363043008	./CC-MAIN-2014-42/67/html.zst
363618256	./CC-MAIN-2014-42/62/html.zst
361688448	./CC-MAIN-2014-42/32/html.zst
364655216	./CC-MAIN-2014-42/35/html.zst
366997984	./CC-MAIN-2014-42/30/html.zst
365492896	./CC-MAIN-2014-42/38/html.zst
364803632	./CC-MAIN-2014-42/54/html.zst
361015408	./CC-MAIN-2014-42/57/html.zst
366341296	./CC-MAIN-2014-42/52/html.zst
365608016	./CC-MAIN-2014-42/22/html.zst
367115920	./CC-MAIN-2014-42/25/html.zst
363453952	./CC-MAIN-2014-42/20/html.zst
368692752	./CC-MAIN-2014-42/9/html.zst
366590976	./CC-MAIN-2014-42/28/html.zst
361575632	./CC-MAIN-2014-42/44/html.zst
359005840	./CC-MAIN-2014-42/47/html.zst
361432800	./CC-MAIN-2014-42/42/html.zst
362028384	./CC-MAIN-2014-42/12/html.zst
367502224	./CC-MAIN-2014-42/15/html.zst
364874064	./CC-MAIN-2014-42/10/html.zst
368461728	./CC-MAIN-2014-42/8/html.zst
361528256	./CC-MAIN-2014-42/18/html.zst
365001440	./CC-MAIN-2014-42/66/html.zst
365432944	./CC-MAIN-2014-42/61/html.zst
132246736	./CC-MAIN-2014-52/1/html.zst
707302032	./CC-MAIN-2021-43/69/html.zst
707465104	./CC-MAIN-2021-43/34/html.zst
707762464	./CC-MAIN-2021-43/37/html.zst
707349024	./CC-MAIN-2021-43/53/html.zst
707519440	./CC-MAIN-2021-43/7/html.zst
707533648	./CC-MAIN-2021-43/56/html.zst
707647104	./CC-MAIN-2021-43/51/html.zst
707665184	./CC-MAIN-2021-43/21/html.zst
707535008	./CC-MAIN-2021-43/59/html.zst
707048080	./CC-MAIN-2021-43/24/html.zst
707632432	./CC-MAIN-2021-43/27/html.zst
707260240	./CC-MAIN-2021-43/70/html.zst
706624992	./CC-MAIN-2021-43/43/html.zst
707263776	./CC-MAIN-2021-43/6/html.zst
707295664	./CC-MAIN-2021-43/3/html.zst
707337664	./CC-MAIN-2021-43/46/html.zst
706894496	./CC-MAIN-2021-43/41/html.zst
707441760	./CC-MAIN-2021-43/11/html.zst
708128896	./CC-MAIN-2021-43/49/html.zst
706812816	./CC-MAIN-2021-43/19/html.zst
708377536	./CC-MAIN-2021-43/14/html.zst
706774832	./CC-MAIN-2021-43/17/html.zst
707155056	./CC-MAIN-2021-43/65/html.zst
707672304	./CC-MAIN-2021-43/60/html.zst
707219424	./CC-MAIN-2021-43/68/html.zst
707042704	./CC-MAIN-2021-43/63/html.zst
706962464	./CC-MAIN-2021-43/33/html.zst
707283136	./CC-MAIN-2021-43/5/html.zst
706861712	./CC-MAIN-2021-43/2/html.zst
706774192	./CC-MAIN-2021-43/36/html.zst
706846784	./CC-MAIN-2021-43/31/html.zst
707800720	./CC-MAIN-2021-43/39/html.zst
707266256	./CC-MAIN-2021-43/55/html.zst
707329792	./CC-MAIN-2021-43/50/html.zst
707405968	./CC-MAIN-2021-43/58/html.zst
707109728	./CC-MAIN-2021-43/23/html.zst
707034128	./CC-MAIN-2021-43/4/html.zst
706971616	./CC-MAIN-2021-43/1/html.zst
706983440	./CC-MAIN-2021-43/26/html.zst
707340352	./CC-MAIN-2021-43/29/html.zst
707227760	./CC-MAIN-2021-43/72/html.zst
707475088	./CC-MAIN-2021-43/45/html.zst
706827760	./CC-MAIN-2021-43/40/html.zst
706361456	./CC-MAIN-2021-43/48/html.zst
707538944	./CC-MAIN-2021-43/13/html.zst
706907600	./CC-MAIN-2021-43/16/html.zst
707500144	./CC-MAIN-2021-43/64/html.zst
708090480	./CC-MAIN-2021-43/67/html.zst
707441504	./CC-MAIN-2021-43/62/html.zst
707830992	./CC-MAIN-2021-43/32/html.zst
708276816	./CC-MAIN-2021-43/35/html.zst
707892000	./CC-MAIN-2021-43/30/html.zst
707343776	./CC-MAIN-2021-43/38/html.zst
706498832	./CC-MAIN-2021-43/54/html.zst
706323136	./CC-MAIN-2021-43/57/html.zst
707454272	./CC-MAIN-2021-43/52/html.zst
707731424	./CC-MAIN-2021-43/22/html.zst
707118368	./CC-MAIN-2021-43/25/html.zst
707154144	./CC-MAIN-2021-43/20/html.zst
707235472	./CC-MAIN-2021-43/9/html.zst
706862496	./CC-MAIN-2021-43/28/html.zst
706931728	./CC-MAIN-2021-43/71/html.zst
707818176	./CC-MAIN-2021-43/44/html.zst
707514704	./CC-MAIN-2021-43/47/html.zst
707000784	./CC-MAIN-2021-43/42/html.zst
706673008	./CC-MAIN-2021-43/12/html.zst
707335888	./CC-MAIN-2021-43/15/html.zst
706797392	./CC-MAIN-2021-43/10/html.zst
706610608	./CC-MAIN-2021-43/8/html.zst
707359072	./CC-MAIN-2021-43/18/html.zst
707161360	./CC-MAIN-2021-43/66/html.zst
707335488	./CC-MAIN-2021-43/61/html.zst
289934976	./CC-MAIN-2018-47/1/html.zst
581101920	./CC-MAIN-2022-49/1/html.zst
436426336	./CC-MAIN-2021-39/1/html.zst
507325280	./CC-MAIN-2021-31/1/html.zst
406730000	./CC-MAIN-2021-10/1/html.zst
378007472	./CC-MAIN-2021-49/1/html.zst
287449248	./CC-MAIN-2017-39/1/html.zst
291228496	./CC-MAIN-2017-22/1/html.zst
308516768	./CC-MAIN-2018-26/1/html.zst
426988432	./CC-MAIN-2020-05/1/html.zst
83407072	./wide00017/705/html.zst
81003136	./wide00017/338/html.zst
87143904	./wide00017/630/html.zst
84570432	./wide00017/263/html.zst
85534880	./wide00017/334/html.zst
89323504	./wide00017/69/html.zst
82618688	./wide00017/672/html.zst
84189568	./wide00017/376/html.zst
79888512	./wide00017/326/html.zst
87617888	./wide00017/34/html.zst
81741696	./wide00017/251/html.zst
85519824	./wide00017/322/html.zst
83132912	./wide00017/368/html.zst
83773104	./wide00017/439/html.zst
87046560	./wide00017/660/html.zst
84266352	./wide00017/364/html.zst
85219120	./wide00017/360/html.zst
85158560	./wide00017/477/html.zst
85994896	./wide00017/314/html.zst
83934656	./wide00017/310/html.zst
87203072	./wide00017/427/html.zst
85321792	./wide00017/37/html.zst
87099648	./wide00017/352/html.zst
85753856	./wide00017/423/html.zst
85972944	./wide00017/469/html.zst
86324656	./wide00017/85/html.zst
81942416	./wide00017/394/html.zst
84869248	./wide00017/465/html.zst
80866608	./wide00017/390/html.zst
86607936	./wide00017/80/html.zst
87165808	./wide00017/711/html.zst
85921168	./wide00017/415/html.zst
88753392	./wide00017/119/html.zst
88305760	./wide00017/340/html.zst
83864960	./wide00017/411/html.zst
86036112	./wide00017/457/html.zst
86792976	./wide00017/528/html.zst
84896016	./wide00017/382/html.zst
85245744	./wide00017/453/html.zst
87030816	./wide00017/157/html.zst
89594544	./wide00017/88/html.zst
84619632	./wide00017/495/html.zst
84587904	./wide00017/566/html.zst
84240288	./wide00017/199/html.zst
82144928	./wide00017/403/html.zst
84072624	./wide00017/491/html.zst
84753344	./wide00017/107/html.zst
88078912	./wide00017/83/html.zst
83713504	./wide00017/103/html.zst
84343520	./wide00017/516/html.zst
83779440	./wide00017/149/html.zst
87151344	./wide00017/53/html.zst
82421904	./wide00017/441/html.zst
85665360	./wide00017/145/html.zst
90954432	./wide00017/558/html.zst
87280800	./wide00017/629/html.zst
83955840	./wide00017/483/html.zst
85735168	./wide00017/554/html.zst
85286480	./wide00017/187/html.zst
85342896	./wide00017/7/html.zst
83833600	./wide00017/596/html.zst
88057840	./wide00017/504/html.zst
88405680	./wide00017/137/html.zst
82713856	./wide00017/208/html.zst
81714592	./wide00017/500/html.zst
87453216	./wide00017/133/html.zst
82064448	./wide00017/546/html.zst
86231584	./wide00017/617/html.zst
83733952	./wide00017/56/html.zst
84115456	./wide00017/471/html.zst
83520112	./wide00017/542/html.zst
83395248	./wide00017/175/html.zst
85639184	./wide00017/246/html.zst
84965696	./wide00017/659/html.zst
84751776	./wide00017/171/html.zst
84975984	./wide00017/584/html.zst
87778224	./wide00017/288/html.zst
85373328	./wide00017/51/html.zst
83590160	./wide00017/125/html.zst
83440368	./wide00017/580/html.zst
83930912	./wide00017/609/html.zst
82236816	./wide00017/697/html.zst
82848656	./wide00017/21/html.zst
81932576	./wide00017/121/html.zst
83603056	./wide00017/534/html.zst
82012480	./wide00017/605/html.zst
84531232	./wide00017/238/html.zst
83448592	./wide00017/309/html.zst
85237856	./wide00017/530/html.zst
80796752	./wide00017/163/html.zst
81831360	./wide00017/234/html.zst
84228032	./wide00017/647/html.zst
84464320	./wide00017/59/html.zst
83740784	./wide00017/572/html.zst
86010016	./wide00017/643/html.zst
82728688	./wide00017/276/html.zst
89622848	./wide00017/689/html.zst
82757184	./wide00017/685/html.zst
85898112	./wide00017/389/html.zst
84951392	./wide00017/226/html.zst
81676448	./wide00017/24/html.zst
88172704	./wide00017/151/html.zst
84042128	./wide00017/222/html.zst
86129840	./wide00017/635/html.zst
83889456	./wide00017/268/html.zst
87825616	./wide00017/706/html.zst
85571072	./wide00017/339/html.zst
84867920	./wide00017/560/html.zst
82935664	./wide00017/631/html.zst
84240880	./wide00017/264/html.zst
82966976	./wide00017/677/html.zst
89849296	./wide00017/260/html.zst
88148528	./wide00017/673/html.zst
85530320	./wide00017/377/html.zst
84196528	./wide00017/214/html.zst
82577136	./wide00017/210/html.zst
79888928	./wide00017/623/html.zst
84201184	./wide00017/327/html.zst
86611936	./wide00017/27/html.zst
85927600	./wide00017/252/html.zst
88882256	./wide00017/323/html.zst
86723504	./wide00017/369/html.zst
83288896	./wide00017/75/html.zst
84719376	./wide00017/661/html.zst
87028208	./wide00017/294/html.zst
87320832	./wide00017/365/html.zst
87740400	./wide00017/290/html.zst
89124608	./wide00017/70/html.zst
81094928	./wide00017/315/html.zst
81498960	./wide00017/240/html.zst
84118032	./wide00017/311/html.zst
81926576	./wide00017/357/html.zst
83982912	./wide00017/428/html.zst
87004688	./wide00017/353/html.zst
85719504	./wide00017/78/html.zst
84885488	./wide00017/395/html.zst
81801904	./wide00017/466/html.zst
84754480	./wide00017/303/html.zst
84040560	./wide00017/391/html.zst
88336288	./wide00017/73/html.zst
81494320	./wide00017/712/html.zst
81453536	./wide00017/416/html.zst
83633408	./wide00017/43/html.zst
84838320	./wide00017/341/html.zst
85130384	./wide00017/412/html.zst
84377488	./wide00017/458/html.zst
82622240	./wide00017/529/html.zst
86540976	./wide00017/383/html.zst
82720208	./wide00017/454/html.zst
88211664	./wide00017/6/html.zst
86518080	./wide00017/496/html.zst
87276304	./wide00017/3/html.zst
84445600	./wide00017/700/html.zst
84002832	./wide00017/404/html.zst
85939568	./wide00017/492/html.zst
83763104	./wide00017/108/html.zst
81338896	./wide00017/400/html.zst
84405024	./wide00017/446/html.zst
86710400	./wide00017/517/html.zst
85865600	./wide00017/46/html.zst
81495600	./wide00017/371/html.zst
85556032	./wide00017/442/html.zst
84148656	./wide00017/146/html.zst
82934816	./wide00017/559/html.zst
85369664	./wide00017/484/html.zst
84021376	./wide00017/555/html.zst
83755760	./wide00017/188/html.zst
88589248	./wide00017/41/html.zst
84245392	./wide00017/480/html.zst
87806736	./wide00017/509/html.zst
86519008	./wide00017/597/html.zst
84990816	./wide00017/11/html.zst
87528064	./wide00017/505/html.zst
83430320	./wide00017/138/html.zst
86416048	./wide00017/209/html.zst
86526448	./wide00017/430/html.zst
83251776	./wide00017/501/html.zst
84244912	./wide00017/134/html.zst
84967040	./wide00017/547/html.zst
84650304	./wide00017/618/html.zst
84103120	./wide00017/49/html.zst
87049776	./wide00017/472/html.zst
83898016	./wide00017/543/html.zst
81771120	./wide00017/176/html.zst
86045424	./wide00017/589/html.zst
85260224	./wide00017/19/html.zst
86611808	./wide00017/97/html.zst
83298128	./wide00017/585/html.zst
81178128	./wide00017/289/html.zst
81854288	./wide00017/126/html.zst
85229984	./wide00017/14/html.zst
84950144	./wide00017/698/html.zst
86285136	./wide00017/92/html.zst
83712224	./wide00017/122/html.zst
82711648	./wide00017/535/html.zst
84318208	./wide00017/606/html.zst
85510224	./wide00017/239/html.zst
83129824	./wide00017/460/html.zst
82211424	./wide00017/531/html.zst
83232064	./wide00017/164/html.zst
83027952	./wide00017/235/html.zst
85510832	./wide00017/648/html.zst
86116752	./wide00017/160/html.zst
82962256	./wide00017/573/html.zst
84015488	./wide00017/644/html.zst
84347040	./wide00017/277/html.zst
84376848	./wide00017/114/html.zst
85828480	./wide00017/686/html.zst
86057776	./wide00017/110/html.zst
85240880	./wide00017/523/html.zst
81551456	./wide00017/227/html.zst
82871648	./wide00017/17/html.zst
82128096	./wide00017/152/html.zst
84923984	./wide00017/223/html.zst
85709472	./wide00017/636/html.zst
86006992	./wide00017/269/html.zst
83964624	./wide00017/707/html.zst
85007040	./wide00017/65/html.zst
86699104	./wide00017/561/html.zst
85706016	./wide00017/194/html.zst
85105600	./wide00017/632/html.zst
82680368	./wide00017/265/html.zst
82677808	./wide00017/678/html.zst
85070704	./wide00017/190/html.zst
85574240	./wide00017/674/html.zst
84271520	./wide00017/378/html.zst
86042208	./wide00017/60/html.zst
79768848	./wide00017/215/html.zst
85510672	./wide00017/140/html.zst
85007680	./wide00017/211/html.zst
82921968	./wide00017/624/html.zst
85291408	./wide00017/328/html.zst
87964960	./wide00017/620/html.zst
83991216	./wide00017/253/html.zst
81783072	./wide00017/666/html.zst
82081920	./wide00017/68/html.zst
86122192	./wide00017/662/html.zst
85778688	./wide00017/295/html.zst
83441584	./wide00017/366/html.zst
86869584	./wide00017/203/html.zst
82547856	./wide00017/291/html.zst
87005936	./wide00017/63/html.zst
83140352	./wide00017/612/html.zst
86119696	./wide00017/316/html.zst
86616880	./wide00017/33/html.zst
85068464	./wide00017/241/html.zst
84453376	./wide00017/312/html.zst
86661520	./wide00017/358/html.zst
83423824	./wide00017/429/html.zst
84445040	./wide00017/650/html.zst
83484320	./wide00017/283/html.zst
84926368	./wide00017/354/html.zst
90983680	./wide00017/5/html.zst
86645280	./wide00017/692/html.zst
83913120	./wide00017/396/html.zst
85431072	./wide00017/2/html.zst
82643552	./wide00017/304/html.zst
82708912	./wide00017/392/html.zst
85126448	./wide00017/300/html.zst
84059408	./wide00017/713/html.zst
85293904	./wide00017/346/html.zst
82356688	./wide00017/417/html.zst
88893952	./wide00017/36/html.zst
87288768	./wide00017/342/html.zst
81661504	./wide00017/459/html.zst
86220896	./wide00017/384/html.zst
84509328	./wide00017/455/html.zst
87470176	./wide00017/31/html.zst
82870832	./wide00017/380/html.zst
83889904	./wide00017/409/html.zst
86675152	./wide00017/497/html.zst
85151728	./wide00017/701/html.zst
85792880	./wide00017/405/html.zst
84301104	./wide00017/109/html.zst
85415168	./wide00017/330/html.zst
87302752	./wide00017/401/html.zst
86369872	./wide00017/447/html.zst
83348464	./wide00017/518/html.zst
85235552	./wide00017/39/html.zst
84747680	./wide00017/372/html.zst
80268448	./wide00017/443/html.zst
82065104	./wide00017/489/html.zst
85472176	./wide00017/87/html.zst
84077472	./wide00017/485/html.zst
80305728	./wide00017/189/html.zst
82475088	./wide00017/481/html.zst
82999248	./wide00017/598/html.zst
84001280	./wide00017/82/html.zst
85211072	./wide00017/435/html.zst
86551392	./wide00017/506/html.zst
81692704	./wide00017/139/html.zst
86188208	./wide00017/431/html.zst
86616736	./wide00017/135/html.zst
83503760	./wide00017/548/html.zst
84821088	./wide00017/473/html.zst
83453792	./wide00017/544/html.zst
86198288	./wide00017/177/html.zst
86715536	./wide00017/586/html.zst
82256848	./wide00017/127/html.zst
82129984	./wide00017/123/html.zst
85045280	./wide00017/536/html.zst
82538128	./wide00017/169/html.zst
88673712	./wide00017/607/html.zst
87877712	./wide00017/55/html.zst
87002080	./wide00017/461/html.zst
83699424	./wide00017/532/html.zst
84228928	./wide00017/165/html.zst
84686992	./wide00017/578/html.zst
86489456	./wide00017/649/html.zst
88177280	./wide00017/161/html.zst
86358912	./wide00017/574/html.zst
87198224	./wide00017/278/html.zst
84548320	./wide00017/50/html.zst
85817408	./wide00017/115/html.zst
80749344	./wide00017/687/html.zst
85173712	./wide00017/111/html.zst
84275600	./wide00017/524/html.zst
85309232	./wide00017/228/html.zst
86098848	./wide00017/520/html.zst
87558192	./wide00017/153/html.zst
84223696	./wide00017/224/html.zst
82757792	./wide00017/637/html.zst
85700224	./wide00017/58/html.zst
86707712	./wide00017/562/html.zst
85239120	./wide00017/195/html.zst
83775664	./wide00017/633/html.zst
83097568	./wide00017/266/html.zst
85793904	./wide00017/679/html.zst
81893568	./wide00017/191/html.zst
84187664	./wide00017/675/html.zst
82968128	./wide00017/512/html.zst
86876800	./wide00017/216/html.zst
83890928	./wide00017/23/html.zst
84447456	./wide00017/141/html.zst
85102608	./wide00017/212/html.zst
89265424	./wide00017/625/html.zst
83916016	./wide00017/258/html.zst
83433072	./wide00017/329/html.zst
82999072	./wide00017/550/html.zst
84466144	./wide00017/183/html.zst
85284624	./wide00017/621/html.zst
84967856	./wide00017/254/html.zst
83913952	./wide00017/4/html.zst
87743664	./wide00017/667/html.zst
84954592	./wide00017/592/html.zst
83221168	./wide00017/663/html.zst
86927184	./wide00017/296/html.zst
88395968	./wide00017/1/html.zst
84714864	./wide00017/367/html.zst
81483760	./wide00017/204/html.zst
80880384	./wide00017/292/html.zst
84827040	./wide00017/200/html.zst
85580544	./wide00017/613/html.zst
83131952	./wide00017/317/html.zst
86504208	./wide00017/26/html.zst
87439456	./wide00017/242/html.zst
86282544	./wide00017/655/html.zst
87241360	./wide00017/359/html.zst
85660736	./wide00017/74/html.zst
84640384	./wide00017/651/html.zst
87273824	./wide00017/284/html.zst
84150016	./wide00017/355/html.zst
81401984	./wide00017/280/html.zst
85024544	./wide00017/693/html.zst
87059920	./wide00017/397/html.zst
81299472	./wide00017/601/html.zst
84563504	./wide00017/305/html.zst
84007648	./wide00017/230/html.zst
82803280	./wide00017/301/html.zst
86781568	./wide00017/714/html.zst
88138464	./wide00017/347/html.zst
85151776	./wide00017/418/html.zst
85297584	./wide00017/29/html.zst
86632816	./wide00017/272/html.zst
88831008	./wide00017/710/html.zst
82163152	./wide00017/343/html.zst
86603984	./wide00017/77/html.zst
86009792	./wide00017/681/html.zst
86150640	./wide00017/385/html.zst
85623840	./wide00017/381/html.zst
84865264	./wide00017/498/html.zst
86169008	./wide00017/72/html.zst
82527008	./wide00017/702/html.zst
84540384	./wide00017/335/html.zst
85105104	./wide00017/406/html.zst
86235392	./wide00017/331/html.zst
83839296	./wide00017/448/html.zst
83937456	./wide00017/519/html.zst
82543440	./wide00017/373/html.zst
82975632	./wide00017/444/html.zst
83145856	./wide00017/486/html.zst
84697472	./wide00017/599/html.zst
83805808	./wide00017/436/html.zst
85665536	./wide00017/507/html.zst
86265648	./wide00017/45/html.zst
86228352	./wide00017/361/html.zst
83886192	./wide00017/432/html.zst
86901328	./wide00017/478/html.zst
83292912	./wide00017/549/html.zst
84300784	./wide00017/474/html.zst
85206032	./wide00017/178/html.zst
87752240	./wide00017/40/html.zst
85304624	./wide00017/470/html.zst
85758048	./wide00017/587/html.zst
86016800	./wide00017/424/html.zst
86071696	./wide00017/128/html.zst
84917136	./wide00017/420/html.zst
83972304	./wide00017/124/html.zst
83834288	./wide00017/537/html.zst
87225392	./wide00017/48/html.zst
85483536	./wide00017/462/html.zst
83465776	./wide00017/533/html.zst
84199584	./wide00017/166/html.zst
84714368	./wide00017/579/html.zst
84235296	./wide00017/96/html.zst
85283472	./wide00017/575/html.zst
85356144	./wide00017/116/html.zst
85621216	./wide00017/13/html.zst
85199008	./wide00017/91/html.zst
84953312	./wide00017/112/html.zst
86915920	./wide00017/525/html.zst
82780368	./wide00017/158/html.zst
87155872	./wide00017/229/html.zst
86191168	./wide00017/450/html.zst
85240384	./wide00017/521/html.zst
83190304	./wide00017/154/html.zst
87572800	./wide00017/567/html.zst
85736368	./wide00017/638/html.zst
86634224	./wide00017/150/html.zst
83047264	./wide00017/563/html.zst
83211968	./wide00017/196/html.zst
90400736	./wide00017/267/html.zst
88248704	./wide00017/104/html.zst
83574064	./wide00017/99/html.zst
83627600	./wide00017/192/html.zst
87617648	./wide00017/676/html.zst
85350432	./wide00017/100/html.zst
84484032	./wide00017/513/html.zst
84888496	./wide00017/217/html.zst
88160992	./wide00017/16/html.zst
86111888	./wide00017/94/html.zst
83924928	./wide00017/142/html.zst
86499888	./wide00017/213/html.zst
86153360	./wide00017/626/html.zst
82296784	./wide00017/259/html.zst
88771808	./wide00017/64/html.zst
82537280	./wide00017/551/html.zst
83674592	./wide00017/184/html.zst
87537616	./wide00017/622/html.zst
85321120	./wide00017/255/html.zst
85258880	./wide00017/668/html.zst
84747360	./wide00017/180/html.zst
81982544	./wide00017/593/html.zst
82943968	./wide00017/664/html.zst
88237216	./wide00017/297/html.zst
85042736	./wide00017/205/html.zst
81803104	./wide00017/293/html.zst
88294496	./wide00017/130/html.zst
83667936	./wide00017/201/html.zst
84110880	./wide00017/614/html.zst
84885632	./wide00017/247/html.zst
87194560	./wide00017/318/html.zst
83065888	./wide00017/172/html.zst
82718784	./wide00017/610/html.zst
85117072	./wide00017/243/html.zst
83615952	./wide00017/656/html.zst
84691360	./wide00017/67/html.zst
79908784	./wide00017/581/html.zst
83120352	./wide00017/652/html.zst
85744496	./wide00017/285/html.zst
84765616	./wide00017/356/html.zst
89472432	./wide00017/281/html.zst
84333248	./wide00017/694/html.zst
87757056	./wide00017/398/html.zst
88251040	./wide00017/62/html.zst
85189088	./wide00017/602/html.zst
83324432	./wide00017/690/html.zst
81845440	./wide00017/306/html.zst
88544080	./wide00017/32/html.zst
87222192	./wide00017/231/html.zst
85828576	./wide00017/302/html.zst
41897168	./wide00017/715/html.zst
85023056	./wide00017/348/html.zst
85357568	./wide00017/419/html.zst
83679136	./wide00017/640/html.zst
86437856	./wide00017/273/html.zst
82511760	./wide00017/344/html.zst
85031008	./wide00017/682/html.zst
83614880	./wide00017/386/html.zst
85762048	./wide00017/499/html.zst
80812720	./wide00017/703/html.zst
85803616	./wide00017/336/html.zst
84506080	./wide00017/407/html.zst
86817568	./wide00017/35/html.zst
81863568	./wide00017/261/html.zst
85659200	./wide00017/332/html.zst
84611904	./wide00017/449/html.zst
83488160	./wide00017/670/html.zst
87096976	./wide00017/374/html.zst
79345104	./wide00017/445/html.zst
86429728	./wide00017/30/html.zst
85148832	./wide00017/370/html.zst
82305808	./wide00017/487/html.zst
85959248	./wide00017/324/html.zst
84524560	./wide00017/320/html.zst
86082784	./wide00017/437/html.zst
84390528	./wide00017/508/html.zst
86862640	./wide00017/38/html.zst
86118176	./wide00017/362/html.zst
87487440	./wide00017/433/html.zst
85381712	./wide00017/479/html.zst
86333360	./wide00017/86/html.zst
87418880	./wide00017/475/html.zst
86230000	./wide00017/179/html.zst
84830000	./wide00017/588/html.zst
85077824	./wide00017/81/html.zst
82000256	./wide00017/425/html.zst
83484656	./wide00017/129/html.zst
85817248	./wide00017/350/html.zst
80482512	./wide00017/421/html.zst
81638080	./wide00017/467/html.zst
83267200	./wide00017/538/html.zst
86853808	./wide00017/463/html.zst
81385248	./wide00017/167/html.zst
83138656	./wide00017/89/html.zst
85032960	./wide00017/576/html.zst
85669760	./wide00017/413/html.zst
86177936	./wide00017/117/html.zst
87085040	./wide00017/84/html.zst
84260464	./wide00017/113/html.zst
83500912	./wide00017/526/html.zst
85021264	./wide00017/159/html.zst
87772880	./wide00017/54/html.zst
85831216	./wide00017/451/html.zst
86218704	./wide00017/522/html.zst
84306432	./wide00017/155/html.zst
84978416	./wide00017/568/html.zst
84808976	./wide00017/639/html.zst
87832064	./wide00017/493/html.zst
81711776	./wide00017/564/html.zst
84293616	./wide00017/197/html.zst
82660384	./wide00017/105/html.zst
86487360	./wide00017/193/html.zst
83380048	./wide00017/101/html.zst
82890048	./wide00017/514/html.zst
83818912	./wide00017/147/html.zst
84416256	./wide00017/218/html.zst
85004352	./wide00017/510/html.zst
84149152	./wide00017/143/html.zst
82707408	./wide00017/556/html.zst
84158048	./wide00017/627/html.zst
89449648	./wide00017/57/html.zst
84291232	./wide00017/552/html.zst
81024112	./wide00017/185/html.zst
82438192	./wide00017/256/html.zst
86114352	./wide00017/669/html.zst
82371088	./wide00017/181/html.zst
82929312	./wide00017/594/html.zst
83480192	./wide00017/665/html.zst
87569264	./wide00017/298/html.zst
82011488	./wide00017/52/html.zst
88370080	./wide00017/502/html.zst
82616352	./wide00017/590/html.zst
86538928	./wide00017/206/html.zst
83473888	./wide00017/619/html.zst
84308816	./wide00017/22/html.zst
82573264	./wide00017/131/html.zst
84141760	./wide00017/202/html.zst
84540176	./wide00017/615/html.zst
85183504	./wide00017/248/html.zst
83031392	./wide00017/319/html.zst
87980688	./wide00017/540/html.zst
85230672	./wide00017/173/html.zst
87278048	./wide00017/611/html.zst
86571456	./wide00017/244/html.zst
84894720	./wide00017/657/html.zst
82535232	./wide00017/582/html.zst
84963120	./wide00017/653/html.zst
89968656	./wide00017/286/html.zst
85915952	./wide00017/699/html.zst
82240704	./wide00017/282/html.zst
82432000	./wide00017/695/html.zst
86595360	./wide00017/399/html.zst
81259072	./wide00017/603/html.zst
84855856	./wide00017/236/html.zst
82577008	./wide00017/691/html.zst
80789280	./wide00017/307/html.zst
86935584	./wide00017/25/html.zst
85741056	./wide00017/232/html.zst
84850176	./wide00017/645/html.zst
85099536	./wide00017/349/html.zst
83380464	./wide00017/570/html.zst
85548864	./wide00017/641/html.zst
85857504	./wide00017/274/html.zst
80179968	./wide00017/345/html.zst
83162800	./wide00017/20/html.zst
81107072	./wide00017/270/html.zst
85148304	./wide00017/683/html.zst
82705984	./wide00017/387/html.zst
84801072	./wide00017/9/html.zst
85238656	./wide00017/708/html.zst
85618992	./wide00017/220/html.zst
90745776	./wide00017/704/html.zst
85346592	./wide00017/337/html.zst
84500784	./wide00017/408/html.zst
84199488	./wide00017/28/html.zst
83800112	./wide00017/262/html.zst
85193840	./wide00017/333/html.zst
83198304	./wide00017/379/html.zst
87405360	./wide00017/76/html.zst
90384320	./wide00017/671/html.zst
85340656	./wide00017/375/html.zst
84308672	./wide00017/488/html.zst
86516144	./wide00017/71/html.zst
87197008	./wide00017/325/html.zst
84293792	./wide00017/250/html.zst
85023712	./wide00017/321/html.zst
83385936	./wide00017/438/html.zst
82942704	./wide00017/363/html.zst
83644848	./wide00017/434/html.zst
85939312	./wide00017/79/html.zst
83358384	./wide00017/476/html.zst
83456672	./wide00017/313/html.zst
84129984	./wide00017/426/html.zst
88011696	./wide00017/44/html.zst
89433552	./wide00017/351/html.zst
84218080	./wide00017/422/html.zst
84334064	./wide00017/468/html.zst
86320512	./wide00017/539/html.zst
83509936	./wide00017/393/html.zst
85987200	./wide00017/464/html.zst
85020912	./wide00017/168/html.zst
87231376	./wide00017/577/html.zst
87714080	./wide00017/414/html.zst
85070064	./wide00017/118/html.zst
84037824	./wide00017/410/html.zst
83194416	./wide00017/456/html.zst
85890496	./wide00017/527/html.zst
85550944	./wide00017/47/html.zst
82446000	./wide00017/452/html.zst
83321264	./wide00017/156/html.zst
82223296	./wide00017/569/html.zst
84820640	./wide00017/95/html.zst
85527024	./wide00017/494/html.zst
80494912	./wide00017/565/html.zst
86325984	./wide00017/198/html.zst
86887680	./wide00017/42/html.zst
86028976	./wide00017/402/html.zst
80996144	./wide00017/490/html.zst
82856240	./wide00017/106/html.zst
86511008	./wide00017/12/html.zst
87911248	./wide00017/90/html.zst
86336976	./wide00017/102/html.zst
86100384	./wide00017/515/html.zst
83314560	./wide00017/148/html.zst
83531504	./wide00017/219/html.zst
85748704	./wide00017/440/html.zst
84906080	./wide00017/511/html.zst
86048928	./wide00017/144/html.zst
87813744	./wide00017/557/html.zst
83077216	./wide00017/628/html.zst
85460880	./wide00017/482/html.zst
85263712	./wide00017/553/html.zst
86634016	./wide00017/186/html.zst
79980672	./wide00017/257/html.zst
85055968	./wide00017/98/html.zst
84989216	./wide00017/182/html.zst
81390800	./wide00017/595/html.zst
80847072	./wide00017/299/html.zst
84396192	./wide00017/503/html.zst
88447680	./wide00017/136/html.zst
80528016	./wide00017/591/html.zst
88582272	./wide00017/207/html.zst
83717424	./wide00017/15/html.zst
83732352	./wide00017/93/html.zst
83500992	./wide00017/132/html.zst
80525920	./wide00017/545/html.zst
88135952	./wide00017/616/html.zst
89027472	./wide00017/249/html.zst
87864096	./wide00017/541/html.zst
88901824	./wide00017/174/html.zst
83897776	./wide00017/245/html.zst
85676880	./wide00017/10/html.zst
85904576	./wide00017/658/html.zst
84683296	./wide00017/170/html.zst
86700368	./wide00017/583/html.zst
90270016	./wide00017/654/html.zst
84548192	./wide00017/287/html.zst
87392960	./wide00017/8/html.zst
86167488	./wide00017/608/html.zst
84160288	./wide00017/696/html.zst
83932704	./wide00017/120/html.zst
81951968	./wide00017/604/html.zst
85129952	./wide00017/237/html.zst
87126752	./wide00017/308/html.zst
88335104	./wide00017/18/html.zst
86497184	./wide00017/162/html.zst
80962096	./wide00017/600/html.zst
82493824	./wide00017/233/html.zst
84224224	./wide00017/646/html.zst
83802176	./wide00017/279/html.zst
90030864	./wide00017/66/html.zst
85648880	./wide00017/571/html.zst
81540016	./wide00017/642/html.zst
83606384	./wide00017/275/html.zst
80591520	./wide00017/688/html.zst
84250208	./wide00017/271/html.zst
86864352	./wide00017/684/html.zst
83707616	./wide00017/388/html.zst
83632320	./wide00017/61/html.zst
86540864	./wide00017/225/html.zst
83428032	./wide00017/680/html.zst
84872544	./wide00017/709/html.zst
83762272	./wide00017/221/html.zst
82292128	./wide00017/634/html.zst
269313344	./CC-MAIN-2018-34/1/html.zst
117773536	./CC-MAIN-2015-32/1/html.zst
92456784	./CC-MAIN-2016-22/1/html.zst
127284976	./CC-MAIN-2015-22/1/html.zst
352511280	./CC-MAIN-2019-47/1/html.zst
370458720	./CC-MAIN-2019-43/1/html.zst
528085824	./CC-MAIN-2023-14/1/html.zst
71905488	./CC-MAIN-2016-26/1/html.zst
381987696	./CC-MAIN-2020-50/1/html.zst
296462432	./CC-MAIN-2018-13/1/html.zst
295637216	./CC-MAIN-2017-17/1/html.zst
83435840	./CC-MAIN-2016-18/1/html.zst
280204752	./CC-MAIN-2019-18/1/html.zst
503956576	./CC-MAIN-2022-40/1/html.zst
532447040	./CC-MAIN-2023-23/1/html.zst
311372032	./CC-MAIN-2017-47/1/html.zst
116691728	./CC-MAIN-2016-30/1/html.zst
561207072	./CC-MAIN-2023-06/1/html.zst
126253136	./CC-MAIN-2014-49/1/html.zst
258977696	./CC-MAIN-2016-44/1/html.zst
397580416	./CC-MAIN-2020-16/1/html.zst
292239568	./CC-MAIN-2017-09/1/html.zst
302889056	./CC-MAIN-2018-39/1/html.zst
306016512	./CC-MAIN-2014-35/34/html.zst
307095296	./CC-MAIN-2014-35/37/html.zst
305111824	./CC-MAIN-2014-35/53/html.zst
314624400	./CC-MAIN-2014-35/7/html.zst
306728144	./CC-MAIN-2014-35/56/html.zst
303058320	./CC-MAIN-2014-35/51/html.zst
303386752	./CC-MAIN-2014-35/21/html.zst
304689312	./CC-MAIN-2014-35/59/html.zst
306770016	./CC-MAIN-2014-35/24/html.zst
303917840	./CC-MAIN-2014-35/27/html.zst
297963040	./CC-MAIN-2014-35/43/html.zst
314483472	./CC-MAIN-2014-35/6/html.zst
318677360	./CC-MAIN-2014-35/3/html.zst
308800464	./CC-MAIN-2014-35/46/html.zst
301430608	./CC-MAIN-2014-35/41/html.zst
307150800	./CC-MAIN-2014-35/11/html.zst
306821104	./CC-MAIN-2014-35/49/html.zst
303633456	./CC-MAIN-2014-35/19/html.zst
296704272	./CC-MAIN-2014-35/14/html.zst
298468080	./CC-MAIN-2014-35/17/html.zst
205291472	./CC-MAIN-2014-35/60/html.zst
306678688	./CC-MAIN-2014-35/33/html.zst
312278432	./CC-MAIN-2014-35/5/html.zst
304287408	./CC-MAIN-2014-35/2/html.zst
313849232	./CC-MAIN-2014-35/36/html.zst
307049680	./CC-MAIN-2014-35/31/html.zst
301778128	./CC-MAIN-2014-35/39/html.zst
306966432	./CC-MAIN-2014-35/55/html.zst
310731056	./CC-MAIN-2014-35/50/html.zst
305544752	./CC-MAIN-2014-35/58/html.zst
303400416	./CC-MAIN-2014-35/23/html.zst
306844000	./CC-MAIN-2014-35/4/html.zst
309250160	./CC-MAIN-2014-35/1/html.zst
306128000	./CC-MAIN-2014-35/26/html.zst
307101760	./CC-MAIN-2014-35/29/html.zst
305166608	./CC-MAIN-2014-35/45/html.zst
308168912	./CC-MAIN-2014-35/40/html.zst
301219616	./CC-MAIN-2014-35/48/html.zst
308836096	./CC-MAIN-2014-35/13/html.zst
304015872	./CC-MAIN-2014-35/16/html.zst
302365824	./CC-MAIN-2014-35/32/html.zst
304449120	./CC-MAIN-2014-35/35/html.zst
305307872	./CC-MAIN-2014-35/30/html.zst
308329824	./CC-MAIN-2014-35/38/html.zst
302261776	./CC-MAIN-2014-35/54/html.zst
302534240	./CC-MAIN-2014-35/57/html.zst
301697376	./CC-MAIN-2014-35/52/html.zst
310339872	./CC-MAIN-2014-35/22/html.zst
307206032	./CC-MAIN-2014-35/25/html.zst
306051952	./CC-MAIN-2014-35/20/html.zst
312211472	./CC-MAIN-2014-35/9/html.zst
302847744	./CC-MAIN-2014-35/28/html.zst
308297904	./CC-MAIN-2014-35/44/html.zst
306319424	./CC-MAIN-2014-35/47/html.zst
303201776	./CC-MAIN-2014-35/42/html.zst
309693584	./CC-MAIN-2014-35/12/html.zst
301701936	./CC-MAIN-2014-35/15/html.zst
300675840	./CC-MAIN-2014-35/10/html.zst
304872816	./CC-MAIN-2014-35/8/html.zst
306495264	./CC-MAIN-2014-35/18/html.zst
139197504	./CC-MAIN-2013-48/1/html.zst
387064368	./CC-MAIN-2022-33/1/html.zst
